{"_class":"page","do_objectID":"5BF1510A-5E3F-4BDE-8B27-2067DB519E34","booleanOperation":0,"exportOptions":{"_class":"exportOptions","exportFormats":[],"includedLayerIds":[],"layerOptions":0,"shouldTrim":false},"frame":{"_class":"rect","constrainProportions":false,"height":300,"width":300,"x":0,"y":0},"isFixedToViewport":false,"isFlippedHorizontal":false,"isFlippedVertical":false,"isLocked":false,"isVisible":true,"layerListExpandedType":0,"name":"Symbols","nameIsFixed":false,"resizingConstraint":63,"resizingType":0,"rotation":0,"shouldBreakMaskChain":false,"style":{"_class":"style","endMarkerType":0,"miterLimit":10,"startMarkerType":0,"windingRule":1},"hasClickThrough":true,"layers":[{"_class":"symbolMaster","do_objectID":"25BDB5F1-A029-408F-88E6-EB17DB79B930","booleanOperation":0,"exportOptions":{"_class":"exportOptions","exportFormats":[],"includedLayerIds":[],"layerOptions":0,"shouldTrim":false},"frame":{"_class":"rect","constrainProportions":false,"height":36,"width":74,"x":100,"y":0},"isFixedToViewport":false,"isFlippedHorizontal":false,"isFlippedVertical":false,"isLocked":false,"isVisible":true,"layerListExpandedType":0,"name":"ui \/ button \/ secondary \/ active","nameIsFixed":true,"resizingConstraint":63,"resizingType":0,"rotation":0,"shouldBreakMaskChain":true,"style":{"_class":"style","endMarkerType":0,"miterLimit":10,"startMarkerType":0,"windingRule":1},"hasClickThrough":true,"layers":[{"_class":"group","do_objectID":"C8500DC3-D977-43EB-823A-99FCF638F140","booleanOperation":0,"exportOptions":{"_class":"exportOptions","do_objectID":"B6CB5445-2C07-4724-9171-EBB1711CE41B","exportFormats":[],"includedLayerIds":[],"layerOptions":0,"shouldTrim":false},"frame":{"_class":"rect","do_objectID":"0F5830EA-4C32-4692-A0A8-B78B7AE5A1CE","constrainProportions":false,"height":36,"width":74,"x":0,"y":0},"isFixedToViewport":false,"isFlippedHorizontal":false,"isFlippedVertical":false,"isLocked":false,"isVisible":true,"layerListExpandedType":0,"name":"ui \/ button \/ red \/ active","nameIsFixed":true,"resizingConstraint":63,"resizingType":0,"rotation":0,"shouldBreakMaskChain":false,"style":{"_class":"style","do_objectID":"FB3164CA-729B-45DB-8079-2665FDAECBC1","endMarkerType":0,"miterLimit":10,"startMarkerType":0,"windingRule":1},"hasClickThrough":false,"layers":[{"_class":"shapeGroup","do_objectID":"E62F49CD-1CE2-47CA-A4D5-1F039CAC387B","booleanOperation":0,"exportOptions":{"_class":"exportOptions","do_objectID":"2FFBF25C-0A16-4971-B5E4-A56B552DFEDD","exportFormats":[],"includedLayerIds":[],"layerOptions":0,"shouldTrim":false},"frame":{"_class":"rect","do_objectID":"1ABA6FFB-E19C-4657-9691-CD85001AB9DB","constrainProportions":false,"height":36,"width":74,"x":0,"y":0},"isFixedToViewport":false,"isFlippedHorizontal":false,"isFlippedVertical":false,"isLocked":false,"isVisible":true,"layerListExpandedType":0,"name":"bg","nameIsFixed":true,"resizingConstraint":18,"resizingType":0,"rotation":0,"shouldBreakMaskChain":false,"userInfo":{"com.animaapp.stc-sketch-plugin":{"kModelPropertiesKey":{}}},"style":{"_class":"style","do_objectID":"1164A3AA-FD83-44BF-AFD8-043EDCBB64F5","borders":[{"_class":"border","isEnabled":true,"color":{"_class":"color","alpha":1,"blue":0.9411764705882353,"green":0.9254901960784314,"red":0.9215686274509803},"fillType":0,"gradient":{"_class":"gradient","elipseLength":0,"from":"{0.5, 0.84546396683673475}","gradientType":0,"stops":[{"_class":"gradientStop","color":{"_class":"color","alpha":1,"blue":0.8863,"green":0.8784,"red":0.8667},"position":0},{"_class":"gradientStop","color":{"_class":"color","alpha":1,"blue":0.7804,"green":0.7569,"red":0.7333},"position":1}],"to":"{0.5, 1}"},"position":1,"thickness":1}],"endMarkerType":0,"fills":[{"_class":"fill","isEnabled":true,"color":{"_class":"color","alpha":1,"blue":0.9411764705882353,"green":0.9254901960784314,"red":0.9215686274509803},"fillType":0,"gradient":{"_class":"gradient","elipseLength":0,"from":"{0.5, 0}","gradientType":0,"stops":[{"_class":"gradientStop","color":{"_class":"color","alpha":1,"blue":1,"green":1,"red":1},"position":0},{"_class":"gradientStop","color":{"_class":"color","alpha":1,"blue":0.984313725490196,"green":0.9803921568627451,"red":0.9764705882352941},"position":1}],"to":"{0.5, 1}"},"noiseIndex":0,"noiseIntensity":0,"patternFillType":1,"patternTileScale":1}],"miterLimit":10,"shadows":[{"_class":"shadow","isEnabled":true,"blurRadius":4,"color":{"_class":"color","alpha":0.1,"blue":0.9411764705882353,"green":0.9254901960784314,"red":0.9215686274509803},"contextSettings":{"_class":"graphicsContextSettings","blendMode":0,"opacity":1},"offsetX":0,"offsetY":2,"spread":0}],"sharedObjectID":"10C00C80-9DA3-42A1-A21A-EC0CCEA46520","startMarkerType":0,"windingRule":1},"hasClickThrough":false,"layers":[{"_class":"rectangle","do_objectID":"A732BB9B-E3D1-42EE-A93C-D96CCC0706F5","booleanOperation":-1,"exportOptions":{"_class":"exportOptions","do_objectID":"D946D090-3C2A-412F-BDAF-0B69DB6F0D2D","exportFormats":[],"includedLayerIds":[],"layerOptions":0,"shouldTrim":false},"frame":{"_class":"rect","do_objectID":"04374999-C0C6-431D-9E31-7E8CCE54691D","constrainProportions":false,"height":36,"width":74,"x":0,"y":0},"isFixedToViewport":false,"isFlippedHorizontal":false,"isFlippedVertical":false,"isLocked":false,"isVisible":true,"layerListExpandedType":0,"name":"Path","nameIsFixed":false,"resizingConstraint":63,"resizingType":0,"rotation":0,"shouldBreakMaskChain":false,"edited":false,"isClosed":true,"pointRadiusBehaviour":2,"points":[{"_class":"curvePoint","cornerRadius":3,"curveFrom":"{0, 0}","curveMode":1,"curveTo":"{0, 0}","hasCurveFrom":false,"hasCurveTo":false,"point":"{0, 0}"},{"_class":"curvePoint","cornerRadius":3,"curveFrom":"{1, 0}","curveMode":1,"curveTo":"{1, 0}","hasCurveFrom":false,"hasCurveTo":false,"point":"{1, 0}"},{"_class":"curvePoint","cornerRadius":3,"curveFrom":"{1, 1}","curveMode":1,"curveTo":"{1, 1}","hasCurveFrom":false,"hasCurveTo":false,"point":"{1, 1}"},{"_class":"curvePoint","cornerRadius":3,"curveFrom":"{0, 1}","curveMode":1,"curveTo":"{0, 1}","hasCurveFrom":false,"hasCurveTo":false,"point":"{0, 1}"}],"fixedRadius":3,"hasConvertedToNewRoundCorners":true}],"clippingMaskMode":0,"hasClippingMask":false,"windingRule":1},{"_class":"text","do_objectID":"E7362711-0BC8-4672-951D-F56DF129819D","booleanOperation":0,"exportOptions":{"_class":"exportOptions","do_objectID":"44D7FAF0-B5EB-4DAF-A980-A5B2CED63336","exportFormats":[],"includedLayerIds":[],"layerOptions":0,"shouldTrim":false},"frame":{"_class":"rect","do_objectID":"642A0562-911D-412F-AC82-9F4067C99D26","constrainProportions":false,"height":20,"width":41,"x":16.5,"y":8},"isFixedToViewport":false,"isFlippedHorizontal":false,"isFlippedVertical":false,"isLocked":false,"isVisible":true,"layerListExpandedType":0,"name":"Button text","nameIsFixed":true,"resizingConstraint":42,"resizingType":0,"rotation":0,"shouldBreakMaskChain":false,"userInfo":{"com.animaapp.stc-sketch-plugin":{"kModelPropertiesKey":{"isAutoWidth":1}}},"style":{"_class":"style","do_objectID":"56D0BD9D-D9F8-451A-9495-E4CF6A102862","endMarkerType":0,"miterLimit":10,"sharedObjectID":"1BA8497F-28D3-4D4B-992C-7B64E6F51015","startMarkerType":0,"textStyle":{"_class":"textStyle","do_objectID":"371B65AD-A6F8-4781-967C-203530E824AF","encodedAttributes":{"MSAttributedStringFontAttribute":{"_class":"fontDescriptor","attributes":{"name":"AvenirNext-Medium","size":14}},"paragraphStyle":{"_class":"paragraphStyle","alignment":2,"maximumLineHeight":20,"minimumLineHeight":20,"allowsDefaultTighteningForTruncation":0},"MSAttributedStringColorAttribute":{"_class":"color","alpha":1,"blue":0,"green":0,"red":0},"kerning":0},"verticalAlignment":0},"windingRule":1},"attributedString":{"_class":"attributedString","string":"Active","attributes":[{"_class":"stringAttribute","location":0,"length":6,"attributes":{"MSAttributedStringFontAttribute":{"_class":"fontDescriptor","attributes":{"name":"AvenirNext-Medium","size":14}},"MSAttributedStringColorAttribute":{"_class":"color","alpha":1,"blue":0,"green":0,"red":0},"paragraphStyle":{"_class":"paragraphStyle","alignment":2,"maximumLineHeight":20,"minimumLineHeight":20,"allowsDefaultTighteningForTruncation":0},"kerning":0}}]},"automaticallyDrawOnUnderlyingPath":false,"dontSynchroniseWithSymbol":false,"glyphBounds":"{{0, 4}, {40, 11}}","lineSpacingBehaviour":2,"textBehaviour":0}]}],"backgroundColor":{"_class":"color","alpha":1,"blue":1,"green":1,"red":1},"hasBackgroundColor":false,"horizontalRulerData":{"_class":"rulerData","base":0,"guides":[]},"includeBackgroundColorInExport":true,"includeInCloudUpload":true,"isFlowHome":false,"resizesContent":false,"verticalRulerData":{"_class":"rulerData","base":0,"guides":[]},"includeBackgroundColorInInstance":false,"symbolID":"24EEB15B-9D9D-40B2-BCD1-FC5ECE133C5C","changeIdentifier":42},{"_class":"symbolMaster","do_objectID":"7CEE7EF2-BCEA-4F2C-A239-9B7BDBA7A1E2","booleanOperation":0,"exportOptions":{"_class":"exportOptions","exportFormats":[],"includedLayerIds":[],"layerOptions":0,"shouldTrim":false},"frame":{"_class":"rect","constrainProportions":false,"height":44,"width":91,"x":274,"y":0},"isFixedToViewport":false,"isFlippedHorizontal":false,"isFlippedVertical":false,"isLocked":false,"isVisible":true,"layerListExpandedType":0,"name":"ui \/ button \/ primary \/ large","nameIsFixed":false,"resizingConstraint":63,"resizingType":0,"rotation":0,"shouldBreakMaskChain":true,"style":{"_class":"style","endMarkerType":0,"miterLimit":10,"startMarkerType":0,"windingRule":1},"hasClickThrough":true,"layers":[{"_class":"group","do_objectID":"3E036325-53B3-4671-B844-826C76842607","booleanOperation":0,"exportOptions":{"_class":"exportOptions","do_objectID":"E88B553B-E349-4A06-A2CA-CE498D05607C","exportFormats":[],"includedLayerIds":[],"layerOptions":0,"shouldTrim":false},"frame":{"_class":"rect","do_objectID":"DDBC73D8-FB8F-4D99-8B06-61E05E6CCEEC","constrainProportions":false,"height":44,"width":91,"x":0,"y":0},"isFixedToViewport":false,"isFlippedHorizontal":false,"isFlippedVertical":false,"isLocked":false,"isVisible":true,"layerListExpandedType":0,"name":"ui \/ button \/ primary \/ large","nameIsFixed":true,"resizingConstraint":63,"resizingType":0,"rotation":0,"shouldBreakMaskChain":false,"style":{"_class":"style","do_objectID":"B7F5DEA7-D85D-4382-9895-2A3BDDD22228","endMarkerType":0,"miterLimit":10,"startMarkerType":0,"windingRule":1},"hasClickThrough":false,"layers":[{"_class":"shapeGroup","do_objectID":"4C2C2A19-C25C-4D26-BADF-1F0618768E54","booleanOperation":0,"exportOptions":{"_class":"exportOptions","do_objectID":"E67FE859-776E-4E07-B089-698FA4BB9D57","exportFormats":[],"includedLayerIds":[],"layerOptions":0,"shouldTrim":false},"frame":{"_class":"rect","do_objectID":"93B24E18-F1AA-40E6-A3C0-0245CDB805D7","constrainProportions":false,"height":44,"width":91,"x":0,"y":0},"isFixedToViewport":false,"isFlippedHorizontal":false,"isFlippedVertical":false,"isLocked":false,"isVisible":true,"layerListExpandedType":0,"name":"bg","nameIsFixed":true,"resizingConstraint":18,"resizingType":0,"rotation":0,"shouldBreakMaskChain":false,"userInfo":{"com.animaapp.stc-sketch-plugin":{"kModelPropertiesKey":{}}},"style":{"_class":"style","do_objectID":"754F1F00-FA9A-4B51-AA00-9847817D9378","borders":[{"_class":"border","isEnabled":true,"color":{"_class":"color","alpha":1,"blue":0,"green":0,"red":0},"fillType":0,"gradient":{"_class":"gradient","elipseLength":0,"from":"{0.5, 0.84546396683673475}","gradientType":0,"stops":[{"_class":"gradientStop","color":{"_class":"color","alpha":1,"blue":0.8863,"green":0.8784,"red":0.8667},"position":0},{"_class":"gradientStop","color":{"_class":"color","alpha":1,"blue":0.7804,"green":0.7569,"red":0.7333},"position":1}],"to":"{0.5, 1}"},"position":1,"thickness":1}],"endMarkerType":0,"fills":[{"_class":"fill","isEnabled":true,"color":{"_class":"color","alpha":1,"blue":0,"green":0,"red":0},"fillType":0,"gradient":{"_class":"gradient","elipseLength":0,"from":"{0.5, 0}","gradientType":0,"stops":[{"_class":"gradientStop","color":{"_class":"color","alpha":1,"blue":1,"green":1,"red":1},"position":0},{"_class":"gradientStop","color":{"_class":"color","alpha":1,"blue":0.984313725490196,"green":0.9803921568627451,"red":0.9764705882352941},"position":1}],"to":"{0.5, 1}"},"noiseIndex":0,"noiseIntensity":0,"patternFillType":1,"patternTileScale":1}],"miterLimit":10,"shadows":[{"_class":"shadow","isEnabled":true,"blurRadius":4,"color":{"_class":"color","alpha":0.1,"blue":0,"green":0,"red":0},"contextSettings":{"_class":"graphicsContextSettings","blendMode":0,"opacity":1},"offsetX":0,"offsetY":2,"spread":0}],"sharedObjectID":"10C00C80-9DA3-42A1-A21A-EC0CCEA46520","startMarkerType":0,"windingRule":1},"hasClickThrough":false,"layers":[{"_class":"rectangle","do_objectID":"EE581EC2-E388-49B2-8AF3-0E65CBAF39F7","booleanOperation":-1,"exportOptions":{"_class":"exportOptions","do_objectID":"22382658-20E9-4D50-AB8B-27B49BEEA8A4","exportFormats":[],"includedLayerIds":[],"layerOptions":0,"shouldTrim":false},"frame":{"_class":"rect","do_objectID":"8DF2AE8B-3C94-4FD5-AC8F-849F474001DE","constrainProportions":false,"height":44,"width":91.00000000000003,"x":0,"y":0},"isFixedToViewport":false,"isFlippedHorizontal":false,"isFlippedVertical":false,"isLocked":false,"isVisible":true,"layerListExpandedType":0,"name":"Path","nameIsFixed":false,"resizingConstraint":63,"resizingType":0,"rotation":0,"shouldBreakMaskChain":false,"edited":false,"isClosed":true,"pointRadiusBehaviour":2,"points":[{"_class":"curvePoint","cornerRadius":3,"curveFrom":"{0, 0}","curveMode":1,"curveTo":"{0, 0}","hasCurveFrom":false,"hasCurveTo":false,"point":"{0, 0}"},{"_class":"curvePoint","cornerRadius":3,"curveFrom":"{1, 0}","curveMode":1,"curveTo":"{1, 0}","hasCurveFrom":false,"hasCurveTo":false,"point":"{1, 0}"},{"_class":"curvePoint","cornerRadius":3,"curveFrom":"{1, 1}","curveMode":1,"curveTo":"{1, 1}","hasCurveFrom":false,"hasCurveTo":false,"point":"{1, 1}"},{"_class":"curvePoint","cornerRadius":3,"curveFrom":"{0, 1}","curveMode":1,"curveTo":"{0, 1}","hasCurveFrom":false,"hasCurveTo":false,"point":"{0, 1}"}],"fixedRadius":3,"hasConvertedToNewRoundCorners":true}],"clippingMaskMode":0,"hasClippingMask":false,"windingRule":1},{"_class":"text","do_objectID":"D85F5967-18F3-4622-A07B-F929F8218B23","booleanOperation":0,"exportOptions":{"_class":"exportOptions","do_objectID":"DA5AA290-6F9A-4CB3-B20D-BCEBD9743F4C","exportFormats":[],"includedLayerIds":[],"layerOptions":0,"shouldTrim":false},"frame":{"_class":"rect","do_objectID":"45564BBF-FBCF-4462-9572-449A3323DD4F","constrainProportions":false,"height":20,"width":43,"x":24,"y":12},"isFixedToViewport":false,"isFlippedHorizontal":false,"isFlippedVertical":false,"isLocked":false,"isVisible":true,"layerListExpandedType":0,"name":"Button text","nameIsFixed":true,"resizingConstraint":42,"resizingType":0,"rotation":0,"shouldBreakMaskChain":false,"userInfo":{"com.animaapp.stc-sketch-plugin":{"kModelPropertiesKey":{"isAutoWidth":1}}},"style":{"_class":"style","do_objectID":"76404904-0DE7-420A-9CA5-13836413E9AA","endMarkerType":0,"miterLimit":10,"sharedObjectID":"F526F9D7-0367-4AC2-A26C-DE021FDAEBF4","startMarkerType":0,"textStyle":{"_class":"textStyle","encodedAttributes":{"MSAttributedStringFontAttribute":{"_class":"fontDescriptor","attributes":{"name":"AvenirNext-DemiBold","size":16}},"paragraphStyle":{"_class":"paragraphStyle","alignment":2,"maximumLineHeight":20,"minimumLineHeight":20,"allowsDefaultTighteningForTruncation":0},"MSAttributedStringColorAttribute":{"_class":"color","alpha":1,"blue":1,"green":1,"red":1},"kerning":0},"verticalAlignment":0},"windingRule":1},"attributedString":{"_class":"attributedString","string":"Large","attributes":[{"_class":"stringAttribute","location":0,"length":5,"attributes":{"MSAttributedStringFontAttribute":{"_class":"fontDescriptor","attributes":{"name":"AvenirNext-DemiBold","size":16}},"MSAttributedStringColorAttribute":{"_class":"color","alpha":1,"blue":1,"green":1,"red":1},"paragraphStyle":{"_class":"paragraphStyle","alignment":2,"maximumLineHeight":20,"minimumLineHeight":20,"allowsDefaultTighteningForTruncation":0},"kerning":0}}]},"automaticallyDrawOnUnderlyingPath":false,"dontSynchroniseWithSymbol":false,"glyphBounds":"{{1, 3}, {41, 16}}","lineSpacingBehaviour":2,"textBehaviour":0}]}],"backgroundColor":{"_class":"color","alpha":1,"blue":1,"green":1,"red":1},"hasBackgroundColor":false,"horizontalRulerData":{"_class":"rulerData","base":0,"guides":[]},"includeBackgroundColorInExport":true,"includeInCloudUpload":true,"isFlowHome":false,"resizesContent":false,"verticalRulerData":{"_class":"rulerData","base":0,"guides":[]},"includeBackgroundColorInInstance":false,"symbolID":"0D99D25B-D8EC-489E-96A3-ECC31F824159","changeIdentifier":11},{"_class":"symbolMaster","do_objectID":"54AC79D7-E6C1-4AEA-A11A-89F56E8CBDD3","booleanOperation":0,"exportOptions":{"_class":"exportOptions","exportFormats":[],"includedLayerIds":[],"layerOptions":0,"shouldTrim":false},"frame":{"_class":"rect","constrainProportions":false,"height":36,"width":90,"x":465,"y":0},"isFixedToViewport":false,"isFlippedHorizontal":false,"isFlippedVertical":false,"isLocked":false,"isVisible":true,"layerListExpandedType":0,"name":"ui \/ button \/ disabled","nameIsFixed":true,"resizingConstraint":63,"resizingType":0,"rotation":0,"shouldBreakMaskChain":true,"style":{"_class":"style","endMarkerType":0,"miterLimit":10,"startMarkerType":0,"windingRule":1},"hasClickThrough":true,"layers":[{"_class":"group","do_objectID":"50362BBD-D357-4ABB-9037-16FEB36E1C5D","booleanOperation":0,"exportOptions":{"_class":"exportOptions","do_objectID":"056C0987-8393-49F5-B427-81A97AA485F7","exportFormats":[],"includedLayerIds":[],"layerOptions":0,"shouldTrim":false},"frame":{"_class":"rect","do_objectID":"28973B9F-BC7E-4EB9-84B0-EB5364F02797","constrainProportions":false,"height":36,"width":90,"x":0,"y":0},"isFixedToViewport":false,"isFlippedHorizontal":false,"isFlippedVertical":false,"isLocked":false,"isVisible":true,"layerListExpandedType":0,"name":"ui \/ button \/ primary \/ disabled","nameIsFixed":true,"resizingConstraint":63,"resizingType":0,"rotation":0,"shouldBreakMaskChain":false,"style":{"_class":"style","do_objectID":"5A3B7D1A-5762-4C78-BD4E-6CC6B5EB43EB","endMarkerType":0,"miterLimit":10,"startMarkerType":0,"windingRule":1},"hasClickThrough":false,"layers":[{"_class":"shapeGroup","do_objectID":"242413B3-0819-4F48-8302-EC3CE039E4D9","booleanOperation":0,"exportOptions":{"_class":"exportOptions","do_objectID":"ED909252-DEAB-42C1-AAB5-5ACE7A767D3F","exportFormats":[],"includedLayerIds":[],"layerOptions":0,"shouldTrim":false},"frame":{"_class":"rect","do_objectID":"3BFE4D99-9CB9-4BEC-991E-00AA11986E9B","constrainProportions":false,"height":36,"width":90,"x":0,"y":0},"isFixedToViewport":false,"isFlippedHorizontal":false,"isFlippedVertical":false,"isLocked":false,"isVisible":true,"layerListExpandedType":0,"name":"bg","nameIsFixed":true,"resizingConstraint":18,"resizingType":0,"rotation":0,"shouldBreakMaskChain":false,"userInfo":{"com.animaapp.stc-sketch-plugin":{"kModelPropertiesKey":{}}},"style":{"_class":"style","do_objectID":"492378F1-A900-43BD-8DCB-C21A9D48E3F0","borders":[{"_class":"border","isEnabled":false,"color":{"_class":"color","alpha":1,"blue":1,"green":1,"red":1},"fillType":0,"gradient":{"_class":"gradient","elipseLength":0,"from":"{0.5, 0.84546396683673475}","gradientType":0,"stops":[{"_class":"gradientStop","color":{"_class":"color","alpha":1,"blue":0.8863,"green":0.8784,"red":0.8667},"position":0},{"_class":"gradientStop","color":{"_class":"color","alpha":1,"blue":0.7804,"green":0.7569,"red":0.7333},"position":1}],"to":"{0.5, 1}"},"position":1,"thickness":1}],"endMarkerType":0,"fills":[{"_class":"fill","isEnabled":true,"color":{"_class":"color","alpha":1,"blue":0.9411764705882353,"green":0.9254901960784314,"red":0.9215686274509803},"fillType":0,"gradient":{"_class":"gradient","elipseLength":0,"from":"{0.5, 0}","gradientType":0,"stops":[{"_class":"gradientStop","color":{"_class":"color","alpha":1,"blue":1,"green":1,"red":1},"position":0},{"_class":"gradientStop","color":{"_class":"color","alpha":1,"blue":0.984313725490196,"green":0.9803921568627451,"red":0.9764705882352941},"position":1}],"to":"{0.5, 1}"},"noiseIndex":0,"noiseIntensity":0,"patternFillType":1,"patternTileScale":1}],"miterLimit":10,"sharedObjectID":"10C00C80-9DA3-42A1-A21A-EC0CCEA46520","startMarkerType":0,"windingRule":1},"hasClickThrough":false,"layers":[{"_class":"rectangle","do_objectID":"267E9A27-02B5-47C6-A767-A9B5827CC8B1","booleanOperation":-1,"exportOptions":{"_class":"exportOptions","do_objectID":"BF9020C8-99E9-4723-872E-4054D92B1E2A","exportFormats":[],"includedLayerIds":[],"layerOptions":0,"shouldTrim":false},"frame":{"_class":"rect","do_objectID":"7033A8B4-654A-4062-B7D7-BDC1511FAB95","constrainProportions":false,"height":36,"width":90.00000000000003,"x":0,"y":0},"isFixedToViewport":false,"isFlippedHorizontal":false,"isFlippedVertical":false,"isLocked":false,"isVisible":true,"layerListExpandedType":0,"name":"Path","nameIsFixed":false,"resizingConstraint":63,"resizingType":0,"rotation":0,"shouldBreakMaskChain":false,"edited":false,"isClosed":true,"pointRadiusBehaviour":2,"points":[{"_class":"curvePoint","cornerRadius":3,"curveFrom":"{0, 0}","curveMode":1,"curveTo":"{0, 0}","hasCurveFrom":false,"hasCurveTo":false,"point":"{0, 0}"},{"_class":"curvePoint","cornerRadius":3,"curveFrom":"{1, 0}","curveMode":1,"curveTo":"{1, 0}","hasCurveFrom":false,"hasCurveTo":false,"point":"{1, 0}"},{"_class":"curvePoint","cornerRadius":3,"curveFrom":"{1, 1}","curveMode":1,"curveTo":"{1, 1}","hasCurveFrom":false,"hasCurveTo":false,"point":"{1, 1}"},{"_class":"curvePoint","cornerRadius":3,"curveFrom":"{0, 1}","curveMode":1,"curveTo":"{0, 1}","hasCurveFrom":false,"hasCurveTo":false,"point":"{0, 1}"}],"fixedRadius":3,"hasConvertedToNewRoundCorners":true}],"clippingMaskMode":0,"hasClippingMask":false,"windingRule":1},{"_class":"text","do_objectID":"5932F46D-3CAC-489E-8F93-DD35575F2685","booleanOperation":0,"exportOptions":{"_class":"exportOptions","do_objectID":"9AEA6C62-CC50-4F6E-B38B-904BC1683D79","exportFormats":[],"includedLayerIds":[],"layerOptions":0,"shouldTrim":false},"frame":{"_class":"rect","do_objectID":"90A99FEC-EF80-40DB-95BC-D7538527F247","constrainProportions":false,"height":20,"width":58,"x":16,"y":8},"isFixedToViewport":false,"isFlippedHorizontal":false,"isFlippedVertical":false,"isLocked":false,"isVisible":true,"layerListExpandedType":0,"name":"Button text","nameIsFixed":true,"resizingConstraint":42,"resizingType":0,"rotation":0,"shouldBreakMaskChain":false,"userInfo":{"com.animaapp.stc-sketch-plugin":{"kModelPropertiesKey":{"isAutoWidth":1}}},"style":{"_class":"style","do_objectID":"9DE0F255-1DCF-4E53-A10D-B448A8CB8A73","endMarkerType":0,"miterLimit":10,"sharedObjectID":"1BA8497F-28D3-4D4B-992C-7B64E6F51015","startMarkerType":0,"textStyle":{"_class":"textStyle","do_objectID":"E523B6C5-603B-45AE-A707-CF38164BDFF9","encodedAttributes":{"MSAttributedStringFontAttribute":{"_class":"fontDescriptor","attributes":{"name":"AvenirNext-Medium","size":14}},"paragraphStyle":{"_class":"paragraphStyle","alignment":2,"maximumLineHeight":20,"minimumLineHeight":20,"allowsDefaultTighteningForTruncation":0},"MSAttributedStringColorAttribute":{"_class":"color","alpha":1,"blue":0.6039215686274509,"green":0.5254901960784313,"red":0.4784313725490195},"kerning":0},"verticalAlignment":0},"windingRule":1},"attributedString":{"_class":"attributedString","string":"Disabled","attributes":[{"_class":"stringAttribute","location":0,"length":8,"attributes":{"MSAttributedStringFontAttribute":{"_class":"fontDescriptor","attributes":{"name":"AvenirNext-Medium","size":14}},"MSAttributedStringColorAttribute":{"_class":"color","alpha":1,"blue":0.6039215686274509,"green":0.5254901960784313,"red":0.4784313725490195},"paragraphStyle":{"_class":"paragraphStyle","alignment":2,"maximumLineHeight":20,"minimumLineHeight":20,"allowsDefaultTighteningForTruncation":0},"kerning":0}}]},"automaticallyDrawOnUnderlyingPath":false,"dontSynchroniseWithSymbol":false,"glyphBounds":"{{1, 3}, {56, 12}}","lineSpacingBehaviour":2,"textBehaviour":0}]}],"backgroundColor":{"_class":"color","alpha":1,"blue":1,"green":1,"red":1},"hasBackgroundColor":false,"horizontalRulerData":{"_class":"rulerData","base":0,"guides":[]},"includeBackgroundColorInExport":true,"includeInCloudUpload":true,"isFlowHome":false,"resizesContent":false,"verticalRulerData":{"_class":"rulerData","base":0,"guides":[]},"includeBackgroundColorInInstance":false,"symbolID":"D4912E0F-94A4-42B1-9426-3B83CFFD581A","changeIdentifier":8},{"_class":"symbolMaster","do_objectID":"9F173975-DDDB-4122-A26E-8DA9F025D4C0","booleanOperation":0,"exportOptions":{"_class":"exportOptions","exportFormats":[],"includedLayerIds":[],"layerOptions":0,"shouldTrim":false},"frame":{"_class":"rect","constrainProportions":false,"height":36,"width":72,"x":655,"y":0},"isFixedToViewport":false,"isFlippedHorizontal":false,"isFlippedVertical":false,"isLocked":false,"isVisible":true,"layerListExpandedType":0,"name":"ui \/ button \/ secondary \/ hover","nameIsFixed":true,"resizingConstraint":63,"resizingType":0,"rotation":0,"shouldBreakMaskChain":true,"style":{"_class":"style","endMarkerType":0,"miterLimit":10,"startMarkerType":0,"windingRule":1},"hasClickThrough":true,"layers":[{"_class":"group","do_objectID":"3579A730-637B-47B1-B5D7-CAA20DE1624D","booleanOperation":0,"exportOptions":{"_class":"exportOptions","do_objectID":"1094294B-9F33-477D-BB5B-8FB05AC94B9E","exportFormats":[],"includedLayerIds":[],"layerOptions":0,"shouldTrim":false},"frame":{"_class":"rect","do_objectID":"5C6B6B6D-4FCD-4134-A95E-EBD1996A38F9","constrainProportions":false,"height":36,"width":72,"x":0,"y":0},"isFixedToViewport":false,"isFlippedHorizontal":false,"isFlippedVertical":false,"isLocked":false,"isVisible":true,"layerListExpandedType":0,"name":"ui \/ button \/ red \/ hover","nameIsFixed":true,"resizingConstraint":63,"resizingType":0,"rotation":0,"shouldBreakMaskChain":false,"style":{"_class":"style","do_objectID":"B32476D9-8BBB-48A8-B2CA-FD3C3FE36704","endMarkerType":0,"miterLimit":10,"startMarkerType":0,"windingRule":1},"hasClickThrough":false,"layers":[{"_class":"shapeGroup","do_objectID":"9DED18AF-6383-4FF5-919A-126D5B977897","booleanOperation":0,"exportOptions":{"_class":"exportOptions","do_objectID":"288EA0AF-E306-4CD9-A8A4-A2CD120381F7","exportFormats":[],"includedLayerIds":[],"layerOptions":0,"shouldTrim":false},"frame":{"_class":"rect","do_objectID":"4072EB85-5315-4F81-A094-5968E9E560F0","constrainProportions":false,"height":36,"width":72,"x":0,"y":0},"isFixedToViewport":false,"isFlippedHorizontal":false,"isFlippedVertical":false,"isLocked":false,"isVisible":true,"layerListExpandedType":0,"name":"bg","nameIsFixed":true,"resizingConstraint":18,"resizingType":0,"rotation":0,"shouldBreakMaskChain":false,"userInfo":{"com.animaapp.stc-sketch-plugin":{"kModelPropertiesKey":{}}},"style":{"_class":"style","do_objectID":"8A4ED747-F78B-4146-BEAB-FC0E69291492","borders":[{"_class":"border","isEnabled":true,"color":{"_class":"color","alpha":1,"blue":0.9882352941176471,"green":0.984313725490196,"red":0.9803921568627451},"fillType":0,"gradient":{"_class":"gradient","elipseLength":0,"from":"{0.5, 0.84546396683673475}","gradientType":0,"stops":[{"_class":"gradientStop","color":{"_class":"color","alpha":1,"blue":0.8863,"green":0.8784,"red":0.8667},"position":0},{"_class":"gradientStop","color":{"_class":"color","alpha":1,"blue":0.7804,"green":0.7569,"red":0.7333},"position":1}],"to":"{0.5, 1}"},"position":1,"thickness":1}],"endMarkerType":0,"fills":[{"_class":"fill","isEnabled":true,"color":{"_class":"color","alpha":1,"blue":0.9882352941176471,"green":0.984313725490196,"red":0.9803921568627451},"fillType":0,"gradient":{"_class":"gradient","elipseLength":0,"from":"{0.5, 0}","gradientType":0,"stops":[{"_class":"gradientStop","color":{"_class":"color","alpha":1,"blue":1,"green":1,"red":1},"position":0},{"_class":"gradientStop","color":{"_class":"color","alpha":1,"blue":0.984313725490196,"green":0.9803921568627451,"red":0.9764705882352941},"position":1}],"to":"{0.5, 1}"},"noiseIndex":0,"noiseIntensity":0,"patternFillType":1,"patternTileScale":1}],"miterLimit":10,"shadows":[{"_class":"shadow","isEnabled":true,"blurRadius":4,"color":{"_class":"color","alpha":0.1,"blue":0.9882352941176471,"green":0.984313725490196,"red":0.9803921568627451},"contextSettings":{"_class":"graphicsContextSettings","blendMode":0,"opacity":1},"offsetX":0,"offsetY":2,"spread":0}],"sharedObjectID":"10C00C80-9DA3-42A1-A21A-EC0CCEA46520","startMarkerType":0,"windingRule":1},"hasClickThrough":false,"layers":[{"_class":"rectangle","do_objectID":"B8B1B28C-2073-4BBE-9994-6BA95E79AD30","booleanOperation":-1,"exportOptions":{"_class":"exportOptions","do_objectID":"CBFDD57A-CFA7-4E55-8D33-B51DCCC79D84","exportFormats":[],"includedLayerIds":[],"layerOptions":0,"shouldTrim":false},"frame":{"_class":"rect","do_objectID":"96DA3301-07BD-4C51-B294-190274089DB7","constrainProportions":false,"height":36,"width":72,"x":0,"y":0},"isFixedToViewport":false,"isFlippedHorizontal":false,"isFlippedVertical":false,"isLocked":false,"isVisible":true,"layerListExpandedType":0,"name":"Path","nameIsFixed":false,"resizingConstraint":63,"resizingType":0,"rotation":0,"shouldBreakMaskChain":false,"edited":false,"isClosed":true,"pointRadiusBehaviour":2,"points":[{"_class":"curvePoint","cornerRadius":3,"curveFrom":"{0, 0}","curveMode":1,"curveTo":"{0, 0}","hasCurveFrom":false,"hasCurveTo":false,"point":"{0, 0}"},{"_class":"curvePoint","cornerRadius":3,"curveFrom":"{1, 0}","curveMode":1,"curveTo":"{1, 0}","hasCurveFrom":false,"hasCurveTo":false,"point":"{1, 0}"},{"_class":"curvePoint","cornerRadius":3,"curveFrom":"{1, 1}","curveMode":1,"curveTo":"{1, 1}","hasCurveFrom":false,"hasCurveTo":false,"point":"{1, 1}"},{"_class":"curvePoint","cornerRadius":3,"curveFrom":"{0, 1}","curveMode":1,"curveTo":"{0, 1}","hasCurveFrom":false,"hasCurveTo":false,"point":"{0, 1}"}],"fixedRadius":3,"hasConvertedToNewRoundCorners":true}],"clippingMaskMode":0,"hasClippingMask":false,"windingRule":1},{"_class":"text","do_objectID":"8B0745FF-4B33-4C09-8AE0-F8A2439F3EF3","booleanOperation":0,"exportOptions":{"_class":"exportOptions","do_objectID":"24CF6DCC-865C-44FD-AEB2-9575E510ECA7","exportFormats":[],"includedLayerIds":[],"layerOptions":0,"shouldTrim":false},"frame":{"_class":"rect","do_objectID":"460DF87A-EA5F-4633-AE65-1852B18FB04A","constrainProportions":false,"height":20,"width":39,"x":16.5,"y":8},"isFixedToViewport":false,"isFlippedHorizontal":false,"isFlippedVertical":false,"isLocked":false,"isVisible":true,"layerListExpandedType":0,"name":"Button text","nameIsFixed":true,"resizingConstraint":42,"resizingType":0,"rotation":0,"shouldBreakMaskChain":false,"userInfo":{"com.animaapp.stc-sketch-plugin":{"kModelPropertiesKey":{"isAutoWidth":1}}},"style":{"_class":"style","do_objectID":"9762EF85-AA24-46FF-83FD-5F78348345B1","endMarkerType":0,"miterLimit":10,"sharedObjectID":"1BA8497F-28D3-4D4B-992C-7B64E6F51015","startMarkerType":0,"textStyle":{"_class":"textStyle","do_objectID":"CF83657E-006D-46DC-A4FD-8840855F9015","encodedAttributes":{"MSAttributedStringFontAttribute":{"_class":"fontDescriptor","attributes":{"name":"AvenirNext-Medium","size":14}},"paragraphStyle":{"_class":"paragraphStyle","alignment":2,"maximumLineHeight":20,"minimumLineHeight":20,"allowsDefaultTighteningForTruncation":0},"MSAttributedStringColorAttribute":{"_class":"color","alpha":1,"blue":0,"green":0,"red":0},"kerning":0},"verticalAlignment":0},"windingRule":1},"attributedString":{"_class":"attributedString","string":"Hover","attributes":[{"_class":"stringAttribute","location":0,"length":5,"attributes":{"MSAttributedStringFontAttribute":{"_class":"fontDescriptor","attributes":{"name":"AvenirNext-Medium","size":14}},"MSAttributedStringColorAttribute":{"_class":"color","alpha":1,"blue":0,"green":0,"red":0},"paragraphStyle":{"_class":"paragraphStyle","alignment":2,"maximumLineHeight":20,"minimumLineHeight":20,"allowsDefaultTighteningForTruncation":0},"kerning":0}}]},"automaticallyDrawOnUnderlyingPath":false,"dontSynchroniseWithSymbol":false,"glyphBounds":"{{1, 4}, {38, 11}}","lineSpacingBehaviour":2,"textBehaviour":0}]}],"backgroundColor":{"_class":"color","alpha":1,"blue":1,"green":1,"red":1},"hasBackgroundColor":false,"horizontalRulerData":{"_class":"rulerData","base":0,"guides":[]},"includeBackgroundColorInExport":true,"includeInCloudUpload":true,"isFlowHome":false,"resizesContent":false,"verticalRulerData":{"_class":"rulerData","base":0,"guides":[]},"includeBackgroundColorInInstance":false,"symbolID":"C4828C28-A7FE-4CB8-AA9E-0EE1247189F0","changeIdentifier":13},{"_class":"symbolMaster","do_objectID":"E52E7392-E1ED-46F8-AB82-6FBE299FCD55","booleanOperation":0,"exportOptions":{"_class":"exportOptions","exportFormats":[],"includedLayerIds":[],"layerOptions":0,"shouldTrim":false},"frame":{"_class":"rect","constrainProportions":false,"height":36,"width":74,"x":100,"y":136},"isFixedToViewport":false,"isFlippedHorizontal":false,"isFlippedVertical":false,"isLocked":false,"isVisible":true,"layerListExpandedType":0,"name":"ui \/ button \/ primary \/ active","nameIsFixed":false,"resizingConstraint":63,"resizingType":0,"rotation":0,"shouldBreakMaskChain":true,"style":{"_class":"style","endMarkerType":0,"miterLimit":10,"startMarkerType":0,"windingRule":1},"hasClickThrough":true,"layers":[{"_class":"group","do_objectID":"6F299EB5-5482-406A-8332-E2B3996FE809","booleanOperation":0,"exportOptions":{"_class":"exportOptions","do_objectID":"C486098C-4341-4A1B-B6A7-8DA9C7C421AE","exportFormats":[],"includedLayerIds":[],"layerOptions":0,"shouldTrim":false},"frame":{"_class":"rect","do_objectID":"E42F45D7-776E-48C2-B4C8-58AC14E40E24","constrainProportions":false,"height":36,"width":74,"x":0,"y":0},"isFixedToViewport":false,"isFlippedHorizontal":false,"isFlippedVertical":false,"isLocked":false,"isVisible":true,"layerListExpandedType":0,"name":"ui \/ button \/ primary \/ active","nameIsFixed":true,"resizingConstraint":63,"resizingType":0,"rotation":0,"shouldBreakMaskChain":false,"style":{"_class":"style","do_objectID":"122657CF-1623-453E-8DF6-491220291E7B","endMarkerType":0,"miterLimit":10,"startMarkerType":0,"windingRule":1},"hasClickThrough":false,"layers":[{"_class":"shapeGroup","do_objectID":"9070B6A8-A157-43BE-8A1C-10B20F16948E","booleanOperation":0,"exportOptions":{"_class":"exportOptions","do_objectID":"717F2936-0C74-41FD-8611-2EF21025EF69","exportFormats":[],"includedLayerIds":[],"layerOptions":0,"shouldTrim":false},"frame":{"_class":"rect","do_objectID":"8C69A0E4-C2D4-4F76-ABE3-EE78800AB883","constrainProportions":false,"height":36,"width":74,"x":0,"y":0},"isFixedToViewport":false,"isFlippedHorizontal":false,"isFlippedVertical":false,"isLocked":false,"isVisible":true,"layerListExpandedType":0,"name":"bg","nameIsFixed":true,"resizingConstraint":18,"resizingType":0,"rotation":0,"shouldBreakMaskChain":false,"userInfo":{"com.animaapp.stc-sketch-plugin":{"kModelPropertiesKey":{}}},"style":{"_class":"style","do_objectID":"C549BCD9-375E-4995-A976-3BC5EEED4D19","borders":[{"_class":"border","isEnabled":true,"color":{"_class":"color","alpha":1,"blue":0.1333333333333333,"green":0.1333333333333333,"red":0.1333333333333333},"fillType":0,"gradient":{"_class":"gradient","elipseLength":0,"from":"{0.5, 0.84546396683673475}","gradientType":0,"stops":[{"_class":"gradientStop","color":{"_class":"color","alpha":1,"blue":0.8863,"green":0.8784,"red":0.8667},"position":0},{"_class":"gradientStop","color":{"_class":"color","alpha":1,"blue":0.7804,"green":0.7569,"red":0.7333},"position":1}],"to":"{0.5, 1}"},"position":1,"thickness":1}],"endMarkerType":0,"fills":[{"_class":"fill","isEnabled":true,"color":{"_class":"color","alpha":1,"blue":0.1333333333333333,"green":0.1333333333333333,"red":0.1333333333333333},"fillType":0,"gradient":{"_class":"gradient","elipseLength":0,"from":"{0.5, 0}","gradientType":0,"stops":[{"_class":"gradientStop","color":{"_class":"color","alpha":1,"blue":1,"green":1,"red":1},"position":0},{"_class":"gradientStop","color":{"_class":"color","alpha":1,"blue":0.984313725490196,"green":0.9803921568627451,"red":0.9764705882352941},"position":1}],"to":"{0.5, 1}"},"noiseIndex":0,"noiseIntensity":0,"patternFillType":1,"patternTileScale":1}],"miterLimit":10,"shadows":[{"_class":"shadow","isEnabled":true,"blurRadius":4,"color":{"_class":"color","alpha":0.1,"blue":0.1333333333333333,"green":0.1333333333333333,"red":0.1333333333333333},"contextSettings":{"_class":"graphicsContextSettings","blendMode":0,"opacity":1},"offsetX":0,"offsetY":2,"spread":0}],"sharedObjectID":"10C00C80-9DA3-42A1-A21A-EC0CCEA46520","startMarkerType":0,"windingRule":1},"hasClickThrough":false,"layers":[{"_class":"rectangle","do_objectID":"15EE0728-2B45-4C2B-901E-2704BDC7C73F","booleanOperation":-1,"exportOptions":{"_class":"exportOptions","do_objectID":"8741AB0E-9E28-40C2-959A-83D210672397","exportFormats":[],"includedLayerIds":[],"layerOptions":0,"shouldTrim":false},"frame":{"_class":"rect","do_objectID":"10165938-A326-47D1-9785-2520920FBB3F","constrainProportions":false,"height":36,"width":74,"x":0,"y":0},"isFixedToViewport":false,"isFlippedHorizontal":false,"isFlippedVertical":false,"isLocked":false,"isVisible":true,"layerListExpandedType":0,"name":"Path","nameIsFixed":false,"resizingConstraint":63,"resizingType":0,"rotation":0,"shouldBreakMaskChain":false,"edited":false,"isClosed":true,"pointRadiusBehaviour":2,"points":[{"_class":"curvePoint","cornerRadius":3,"curveFrom":"{0, 0}","curveMode":1,"curveTo":"{0, 0}","hasCurveFrom":false,"hasCurveTo":false,"point":"{0, 0}"},{"_class":"curvePoint","cornerRadius":3,"curveFrom":"{1, 0}","curveMode":1,"curveTo":"{1, 0}","hasCurveFrom":false,"hasCurveTo":false,"point":"{1, 0}"},{"_class":"curvePoint","cornerRadius":3,"curveFrom":"{1, 1}","curveMode":1,"curveTo":"{1, 1}","hasCurveFrom":false,"hasCurveTo":false,"point":"{1, 1}"},{"_class":"curvePoint","cornerRadius":3,"curveFrom":"{0, 1}","curveMode":1,"curveTo":"{0, 1}","hasCurveFrom":false,"hasCurveTo":false,"point":"{0, 1}"}],"fixedRadius":3,"hasConvertedToNewRoundCorners":true}],"clippingMaskMode":0,"hasClippingMask":false,"windingRule":1},{"_class":"text","do_objectID":"DFAE2955-AFC7-4A62-9F72-0C46319A3EDC","booleanOperation":0,"exportOptions":{"_class":"exportOptions","do_objectID":"237D3590-4133-481C-B83D-3CFAFC067594","exportFormats":[],"includedLayerIds":[],"layerOptions":0,"shouldTrim":false},"frame":{"_class":"rect","do_objectID":"B51FA3D0-BB32-47D0-B002-E8DD211F5C12","constrainProportions":false,"height":20,"width":41,"x":16.5,"y":8},"isFixedToViewport":false,"isFlippedHorizontal":false,"isFlippedVertical":false,"isLocked":false,"isVisible":true,"layerListExpandedType":0,"name":"Button text","nameIsFixed":true,"resizingConstraint":42,"resizingType":0,"rotation":0,"shouldBreakMaskChain":false,"userInfo":{"com.animaapp.stc-sketch-plugin":{"kModelPropertiesKey":{"isAutoWidth":1}}},"style":{"_class":"style","do_objectID":"AB42E3E9-FAAC-4342-B83C-A0D3AD682EE5","endMarkerType":0,"miterLimit":10,"sharedObjectID":"1BA8497F-28D3-4D4B-992C-7B64E6F51015","startMarkerType":0,"textStyle":{"_class":"textStyle","do_objectID":"BC7A5C10-D637-49CE-8BA4-1659DEF8E170","encodedAttributes":{"MSAttributedStringFontAttribute":{"_class":"fontDescriptor","attributes":{"name":"AvenirNext-Medium","size":14}},"paragraphStyle":{"_class":"paragraphStyle","alignment":2,"maximumLineHeight":20,"minimumLineHeight":20,"allowsDefaultTighteningForTruncation":0},"MSAttributedStringColorAttribute":{"_class":"color","alpha":1,"blue":1,"green":1,"red":1},"kerning":0},"verticalAlignment":0},"windingRule":1},"attributedString":{"_class":"attributedString","string":"Active","attributes":[{"_class":"stringAttribute","location":0,"length":6,"attributes":{"MSAttributedStringFontAttribute":{"_class":"fontDescriptor","attributes":{"name":"AvenirNext-Medium","size":14}},"MSAttributedStringColorAttribute":{"_class":"color","alpha":1,"blue":1,"green":1,"red":1},"paragraphStyle":{"_class":"paragraphStyle","alignment":2,"maximumLineHeight":20,"minimumLineHeight":20,"allowsDefaultTighteningForTruncation":0},"kerning":0}}]},"automaticallyDrawOnUnderlyingPath":false,"dontSynchroniseWithSymbol":false,"glyphBounds":"{{0, 4}, {40, 11}}","lineSpacingBehaviour":2,"textBehaviour":0}]}],"backgroundColor":{"_class":"color","alpha":1,"blue":1,"green":1,"red":1},"hasBackgroundColor":false,"horizontalRulerData":{"_class":"rulerData","base":0,"guides":[]},"includeBackgroundColorInExport":true,"includeInCloudUpload":true,"isFlowHome":false,"resizesContent":false,"verticalRulerData":{"_class":"rulerData","base":0,"guides":[]},"includeBackgroundColorInInstance":false,"symbolID":"B676AF86-67FA-47B8-AF98-EC808B95B51A","changeIdentifier":21},{"_class":"symbolMaster","do_objectID":"2A5A11E3-5656-49FF-8D9B-429E87FCAB0D","booleanOperation":0,"exportOptions":{"_class":"exportOptions","exportFormats":[],"includedLayerIds":[],"layerOptions":0,"shouldTrim":false},"frame":{"_class":"rect","constrainProportions":false,"height":36,"width":72,"x":655,"y":136},"isFixedToViewport":false,"isFlippedHorizontal":false,"isFlippedVertical":false,"isLocked":false,"isVisible":true,"layerListExpandedType":0,"name":"ui \/ button \/ primary \/ hover","nameIsFixed":false,"resizingConstraint":63,"resizingType":0,"rotation":0,"shouldBreakMaskChain":true,"style":{"_class":"style","endMarkerType":0,"miterLimit":10,"startMarkerType":0,"windingRule":1},"hasClickThrough":true,"layers":[{"_class":"group","do_objectID":"55A73FF7-A25D-46E9-8E5C-B098C0383C6D","booleanOperation":0,"exportOptions":{"_class":"exportOptions","do_objectID":"6BB45BAC-9DD5-445A-A980-F6424DB6CCAD","exportFormats":[],"includedLayerIds":[],"layerOptions":0,"shouldTrim":false},"frame":{"_class":"rect","do_objectID":"0ADCA18C-AC77-4053-9AD5-5242A4ABCA8A","constrainProportions":false,"height":36,"width":72,"x":0,"y":0},"isFixedToViewport":false,"isFlippedHorizontal":false,"isFlippedVertical":false,"isLocked":false,"isVisible":true,"layerListExpandedType":0,"name":"ui \/ button \/ primary \/ hover","nameIsFixed":true,"resizingConstraint":63,"resizingType":0,"rotation":0,"shouldBreakMaskChain":false,"style":{"_class":"style","do_objectID":"CCC51B0D-1D3A-4B4B-B557-489E2D89845A","endMarkerType":0,"miterLimit":10,"startMarkerType":0,"windingRule":1},"hasClickThrough":false,"layers":[{"_class":"shapeGroup","do_objectID":"E7612544-3B1C-484C-A67D-836981815CF9","booleanOperation":0,"exportOptions":{"_class":"exportOptions","do_objectID":"53983F77-54DA-426F-901F-066C17F8C137","exportFormats":[],"includedLayerIds":[],"layerOptions":0,"shouldTrim":false},"frame":{"_class":"rect","do_objectID":"DF47422E-19A5-4615-AB61-AD914E5C52FB","constrainProportions":false,"height":36,"width":72,"x":0,"y":0},"isFixedToViewport":false,"isFlippedHorizontal":false,"isFlippedVertical":false,"isLocked":false,"isVisible":true,"layerListExpandedType":0,"name":"bg","nameIsFixed":true,"resizingConstraint":18,"resizingType":0,"rotation":0,"shouldBreakMaskChain":false,"userInfo":{"com.animaapp.stc-sketch-plugin":{"kModelPropertiesKey":{}}},"style":{"_class":"style","do_objectID":"0B10C80E-7B88-42A6-9A5F-D7A0CDAF8AF4","borders":[{"_class":"border","isEnabled":true,"color":{"_class":"color","alpha":1,"blue":0.1647058823529412,"green":0.1647058823529412,"red":0.1647058823529412},"fillType":0,"gradient":{"_class":"gradient","elipseLength":0,"from":"{0.5, 0.84546396683673475}","gradientType":0,"stops":[{"_class":"gradientStop","color":{"_class":"color","alpha":1,"blue":0.8863,"green":0.8784,"red":0.8667},"position":0},{"_class":"gradientStop","color":{"_class":"color","alpha":1,"blue":0.7804,"green":0.7569,"red":0.7333},"position":1}],"to":"{0.5, 1}"},"position":1,"thickness":1}],"endMarkerType":0,"fills":[{"_class":"fill","isEnabled":true,"color":{"_class":"color","alpha":1,"blue":0.1647058823529412,"green":0.1647058823529412,"red":0.1647058823529412},"fillType":0,"gradient":{"_class":"gradient","elipseLength":0,"from":"{0.5, 0}","gradientType":0,"stops":[{"_class":"gradientStop","color":{"_class":"color","alpha":1,"blue":1,"green":1,"red":1},"position":0},{"_class":"gradientStop","color":{"_class":"color","alpha":1,"blue":0.984313725490196,"green":0.9803921568627451,"red":0.9764705882352941},"position":1}],"to":"{0.5, 1}"},"noiseIndex":0,"noiseIntensity":0,"patternFillType":1,"patternTileScale":1}],"miterLimit":10,"shadows":[{"_class":"shadow","isEnabled":true,"blurRadius":4,"color":{"_class":"color","alpha":0.1,"blue":0.1647058823529412,"green":0.1647058823529412,"red":0.1647058823529412},"contextSettings":{"_class":"graphicsContextSettings","blendMode":0,"opacity":1},"offsetX":0,"offsetY":2,"spread":0}],"sharedObjectID":"10C00C80-9DA3-42A1-A21A-EC0CCEA46520","startMarkerType":0,"windingRule":1},"hasClickThrough":false,"layers":[{"_class":"rectangle","do_objectID":"945FD046-B205-4737-B9C2-5DA9CD30BB5B","booleanOperation":-1,"exportOptions":{"_class":"exportOptions","do_objectID":"40B08E58-8197-440F-A4C2-BE9A2FCBB04A","exportFormats":[],"includedLayerIds":[],"layerOptions":0,"shouldTrim":false},"frame":{"_class":"rect","do_objectID":"74C786CC-10C2-454E-8EC2-2399EFB03226","constrainProportions":false,"height":36,"width":72,"x":0,"y":0},"isFixedToViewport":false,"isFlippedHorizontal":false,"isFlippedVertical":false,"isLocked":false,"isVisible":true,"layerListExpandedType":0,"name":"Path","nameIsFixed":false,"resizingConstraint":63,"resizingType":0,"rotation":0,"shouldBreakMaskChain":false,"edited":false,"isClosed":true,"pointRadiusBehaviour":2,"points":[{"_class":"curvePoint","cornerRadius":3,"curveFrom":"{0, 0}","curveMode":1,"curveTo":"{0, 0}","hasCurveFrom":false,"hasCurveTo":false,"point":"{0, 0}"},{"_class":"curvePoint","cornerRadius":3,"curveFrom":"{1, 0}","curveMode":1,"curveTo":"{1, 0}","hasCurveFrom":false,"hasCurveTo":false,"point":"{1, 0}"},{"_class":"curvePoint","cornerRadius":3,"curveFrom":"{1, 1}","curveMode":1,"curveTo":"{1, 1}","hasCurveFrom":false,"hasCurveTo":false,"point":"{1, 1}"},{"_class":"curvePoint","cornerRadius":3,"curveFrom":"{0, 1}","curveMode":1,"curveTo":"{0, 1}","hasCurveFrom":false,"hasCurveTo":false,"point":"{0, 1}"}],"fixedRadius":3,"hasConvertedToNewRoundCorners":true}],"clippingMaskMode":0,"hasClippingMask":false,"windingRule":1},{"_class":"text","do_objectID":"C0984BF2-B092-4562-BEE4-F53E202DDC82","booleanOperation":0,"exportOptions":{"_class":"exportOptions","do_objectID":"BC244290-D8FE-478E-BDF3-887E48C7407C","exportFormats":[],"includedLayerIds":[],"layerOptions":0,"shouldTrim":false},"frame":{"_class":"rect","do_objectID":"E6841197-6F49-45B6-B46E-92605CD00265","constrainProportions":false,"height":20,"width":39,"x":16.5,"y":8},"isFixedToViewport":false,"isFlippedHorizontal":false,"isFlippedVertical":false,"isLocked":false,"isVisible":true,"layerListExpandedType":0,"name":"Button text","nameIsFixed":true,"resizingConstraint":42,"resizingType":0,"rotation":0,"shouldBreakMaskChain":false,"userInfo":{"com.animaapp.stc-sketch-plugin":{"kModelPropertiesKey":{"isAutoWidth":1}}},"style":{"_class":"style","do_objectID":"817EF193-B4AC-4071-8EE2-867C69224E42","endMarkerType":0,"miterLimit":10,"sharedObjectID":"1BA8497F-28D3-4D4B-992C-7B64E6F51015","startMarkerType":0,"textStyle":{"_class":"textStyle","do_objectID":"E20AFB65-99DE-408B-853B-EF64793FD8D9","encodedAttributes":{"MSAttributedStringFontAttribute":{"_class":"fontDescriptor","attributes":{"name":"AvenirNext-Medium","size":14}},"paragraphStyle":{"_class":"paragraphStyle","alignment":2,"maximumLineHeight":20,"minimumLineHeight":20,"allowsDefaultTighteningForTruncation":0},"MSAttributedStringColorAttribute":{"_class":"color","alpha":1,"blue":1,"green":1,"red":1},"kerning":0},"verticalAlignment":0},"windingRule":1},"attributedString":{"_class":"attributedString","string":"Hover","attributes":[{"_class":"stringAttribute","location":0,"length":5,"attributes":{"MSAttributedStringFontAttribute":{"_class":"fontDescriptor","attributes":{"name":"AvenirNext-Medium","size":14}},"MSAttributedStringColorAttribute":{"_class":"color","alpha":1,"blue":1,"green":1,"red":1},"paragraphStyle":{"_class":"paragraphStyle","alignment":2,"maximumLineHeight":20,"minimumLineHeight":20,"allowsDefaultTighteningForTruncation":0},"kerning":0}}]},"automaticallyDrawOnUnderlyingPath":false,"dontSynchroniseWithSymbol":false,"glyphBounds":"{{1, 4}, {38, 11}}","lineSpacingBehaviour":2,"textBehaviour":0}]}],"backgroundColor":{"_class":"color","alpha":1,"blue":1,"green":1,"red":1},"hasBackgroundColor":false,"horizontalRulerData":{"_class":"rulerData","base":0,"guides":[]},"includeBackgroundColorInExport":true,"includeInCloudUpload":true,"isFlowHome":false,"resizesContent":false,"verticalRulerData":{"_class":"rulerData","base":0,"guides":[]},"includeBackgroundColorInInstance":false,"symbolID":"87ECB89A-6806-49EC-B8FE-447D10E9910C","changeIdentifier":46},{"_class":"symbolMaster","do_objectID":"94BCDA07-34A3-43FB-9EC8-A1E9644CDA95","booleanOperation":0,"exportOptions":{"_class":"exportOptions","exportFormats":[],"includedLayerIds":[],"layerOptions":0,"shouldTrim":false},"frame":{"_class":"rect","constrainProportions":false,"height":34,"width":60,"x":827,"y":0},"isFixedToViewport":false,"isFlippedHorizontal":false,"isFlippedVertical":false,"isLocked":false,"isVisible":true,"layerListExpandedType":0,"name":"ui \/ button \/ primary \/ small","nameIsFixed":false,"resizingConstraint":63,"resizingType":0,"rotation":0,"shouldBreakMaskChain":true,"style":{"_class":"style","endMarkerType":0,"miterLimit":10,"startMarkerType":0,"windingRule":1},"hasClickThrough":true,"layers":[{"_class":"group","do_objectID":"133747E1-2459-4081-89A5-41657120AD4B","booleanOperation":0,"exportOptions":{"_class":"exportOptions","do_objectID":"46BD8782-6960-47CA-89D1-0F195F13EE4E","exportFormats":[],"includedLayerIds":[],"layerOptions":0,"shouldTrim":false},"frame":{"_class":"rect","do_objectID":"90960BC0-7F8E-4874-BC6E-68C3B863312B","constrainProportions":false,"height":34,"width":60,"x":0,"y":0},"isFixedToViewport":false,"isFlippedHorizontal":false,"isFlippedVertical":false,"isLocked":false,"isVisible":true,"layerListExpandedType":0,"name":"ui \/ button \/ primary \/ small","nameIsFixed":true,"resizingConstraint":63,"resizingType":0,"rotation":0,"shouldBreakMaskChain":false,"style":{"_class":"style","do_objectID":"49EABCEB-5D67-4280-BEF6-85F3C34278DB","endMarkerType":0,"miterLimit":10,"startMarkerType":0,"windingRule":1},"hasClickThrough":false,"layers":[{"_class":"shapeGroup","do_objectID":"A8CF01DB-A3E1-4E24-B5C8-805E21B280E1","booleanOperation":0,"exportOptions":{"_class":"exportOptions","do_objectID":"60CC198B-B546-433D-9F7D-F63B45805241","exportFormats":[],"includedLayerIds":[],"layerOptions":0,"shouldTrim":false},"frame":{"_class":"rect","do_objectID":"741EA711-1EB9-4A34-9980-AAB6B7E91D6A","constrainProportions":false,"height":34,"width":60,"x":0,"y":0},"isFixedToViewport":false,"isFlippedHorizontal":false,"isFlippedVertical":false,"isLocked":false,"isVisible":true,"layerListExpandedType":0,"name":"bg","nameIsFixed":true,"resizingConstraint":18,"resizingType":0,"rotation":0,"shouldBreakMaskChain":false,"userInfo":{"com.animaapp.stc-sketch-plugin":{"kModelPropertiesKey":{}}},"style":{"_class":"style","do_objectID":"FBA08E77-A46F-4E50-A42F-D651CCEE0E30","borders":[{"_class":"border","isEnabled":true,"color":{"_class":"color","alpha":1,"blue":0,"green":0,"red":0},"fillType":0,"gradient":{"_class":"gradient","elipseLength":0,"from":"{0.5, 0.84546396683673475}","gradientType":0,"stops":[{"_class":"gradientStop","color":{"_class":"color","alpha":1,"blue":0.8863,"green":0.8784,"red":0.8667},"position":0},{"_class":"gradientStop","color":{"_class":"color","alpha":1,"blue":0.7804,"green":0.7569,"red":0.7333},"position":1}],"to":"{0.5, 1}"},"position":1,"thickness":1}],"endMarkerType":0,"fills":[{"_class":"fill","isEnabled":true,"color":{"_class":"color","alpha":1,"blue":0,"green":0,"red":0},"fillType":0,"gradient":{"_class":"gradient","elipseLength":0,"from":"{0.5, 0}","gradientType":0,"stops":[{"_class":"gradientStop","color":{"_class":"color","alpha":1,"blue":1,"green":1,"red":1},"position":0},{"_class":"gradientStop","color":{"_class":"color","alpha":1,"blue":0.984313725490196,"green":0.9803921568627451,"red":0.9764705882352941},"position":1}],"to":"{0.5, 1}"},"noiseIndex":0,"noiseIntensity":0,"patternFillType":1,"patternTileScale":1}],"miterLimit":10,"shadows":[{"_class":"shadow","isEnabled":true,"blurRadius":4,"color":{"_class":"color","alpha":0.1,"blue":0,"green":0,"red":0},"contextSettings":{"_class":"graphicsContextSettings","blendMode":0,"opacity":1},"offsetX":0,"offsetY":2,"spread":0}],"sharedObjectID":"10C00C80-9DA3-42A1-A21A-EC0CCEA46520","startMarkerType":0,"windingRule":1},"hasClickThrough":false,"layers":[{"_class":"rectangle","do_objectID":"7C54B0C5-09ED-4E54-8E90-5C5856E28EAF","booleanOperation":-1,"exportOptions":{"_class":"exportOptions","do_objectID":"D1B2564D-F911-49C0-8D76-66E0D1DFD516","exportFormats":[],"includedLayerIds":[],"layerOptions":0,"shouldTrim":false},"frame":{"_class":"rect","do_objectID":"FA132A50-2318-4A7A-9C3E-AE0B721D4AA2","constrainProportions":false,"height":34,"width":60,"x":0,"y":0},"isFixedToViewport":false,"isFlippedHorizontal":false,"isFlippedVertical":false,"isLocked":false,"isVisible":true,"layerListExpandedType":0,"name":"Path","nameIsFixed":false,"resizingConstraint":63,"resizingType":0,"rotation":0,"shouldBreakMaskChain":false,"edited":false,"isClosed":true,"pointRadiusBehaviour":2,"points":[{"_class":"curvePoint","cornerRadius":3,"curveFrom":"{0, 0}","curveMode":1,"curveTo":"{0, 0}","hasCurveFrom":false,"hasCurveTo":false,"point":"{0, 0}"},{"_class":"curvePoint","cornerRadius":3,"curveFrom":"{1, 0}","curveMode":1,"curveTo":"{1, 0}","hasCurveFrom":false,"hasCurveTo":false,"point":"{1, 0}"},{"_class":"curvePoint","cornerRadius":3,"curveFrom":"{1, 1}","curveMode":1,"curveTo":"{1, 1}","hasCurveFrom":false,"hasCurveTo":false,"point":"{1, 1}"},{"_class":"curvePoint","cornerRadius":3,"curveFrom":"{0, 1}","curveMode":1,"curveTo":"{0, 1}","hasCurveFrom":false,"hasCurveTo":false,"point":"{0, 1}"}],"fixedRadius":3,"hasConvertedToNewRoundCorners":true}],"clippingMaskMode":0,"hasClippingMask":false,"windingRule":1},{"_class":"text","do_objectID":"DA6E27C0-1B90-44E6-9A55-4CDE310D47DE","booleanOperation":0,"exportOptions":{"_class":"exportOptions","do_objectID":"C340165B-2023-4FCE-92D5-091C380936D7","exportFormats":[],"includedLayerIds":[],"layerOptions":0,"shouldTrim":false},"frame":{"_class":"rect","do_objectID":"E5B6530F-919E-4A3E-891F-9728780B1BE4","constrainProportions":false,"height":20,"width":36,"x":12,"y":7},"isFixedToViewport":false,"isFlippedHorizontal":false,"isFlippedVertical":false,"isLocked":false,"isVisible":true,"layerListExpandedType":0,"name":"Button text","nameIsFixed":true,"resizingConstraint":42,"resizingType":0,"rotation":0,"shouldBreakMaskChain":false,"userInfo":{"com.animaapp.stc-sketch-plugin":{"kModelPropertiesKey":{"isAutoWidth":1}}},"style":{"_class":"style","do_objectID":"B3A78326-F1E7-4B89-942D-B5DD0FB762A6","endMarkerType":0,"miterLimit":10,"sharedObjectID":"1BA8497F-28D3-4D4B-992C-7B64E6F51015","startMarkerType":0,"textStyle":{"_class":"textStyle","do_objectID":"4FA9E92D-D027-4B90-A705-8EFFD5F8E27B","encodedAttributes":{"MSAttributedStringFontAttribute":{"_class":"fontDescriptor","attributes":{"name":"AvenirNext-Medium","size":14}},"paragraphStyle":{"_class":"paragraphStyle","alignment":2,"maximumLineHeight":20,"minimumLineHeight":20,"allowsDefaultTighteningForTruncation":0},"MSAttributedStringColorAttribute":{"_class":"color","alpha":1,"blue":1,"green":1,"red":1},"kerning":0},"verticalAlignment":0},"windingRule":1},"attributedString":{"_class":"attributedString","string":"Small","attributes":[{"_class":"stringAttribute","location":0,"length":5,"attributes":{"MSAttributedStringFontAttribute":{"_class":"fontDescriptor","attributes":{"name":"AvenirNext-Medium","size":14}},"MSAttributedStringColorAttribute":{"_class":"color","alpha":1,"blue":1,"green":1,"red":1},"paragraphStyle":{"_class":"paragraphStyle","alignment":2,"maximumLineHeight":20,"minimumLineHeight":20,"allowsDefaultTighteningForTruncation":0},"kerning":0}}]},"automaticallyDrawOnUnderlyingPath":false,"dontSynchroniseWithSymbol":false,"glyphBounds":"{{0, 3}, {35, 12}}","lineSpacingBehaviour":2,"textBehaviour":0}]}],"backgroundColor":{"_class":"color","alpha":1,"blue":1,"green":1,"red":1},"hasBackgroundColor":false,"horizontalRulerData":{"_class":"rulerData","base":0,"guides":[]},"includeBackgroundColorInExport":true,"includeInCloudUpload":true,"isFlowHome":false,"resizesContent":false,"verticalRulerData":{"_class":"rulerData","base":0,"guides":[]},"includeBackgroundColorInInstance":false,"symbolID":"59B57770-8BAE-44B5-AF30-F270FD833F71","changeIdentifier":11},{"_class":"symbolMaster","do_objectID":"C9E3E12C-9048-41B3-ACAB-31FC382DBC4E","booleanOperation":0,"exportOptions":{"_class":"exportOptions","exportFormats":[],"includedLayerIds":[],"layerOptions":0,"shouldTrim":false},"frame":{"_class":"rect","constrainProportions":false,"height":36,"width":102,"x":987,"y":0},"isFixedToViewport":false,"isFlippedHorizontal":false,"isFlippedVertical":false,"isLocked":false,"isVisible":true,"layerListExpandedType":0,"name":"ui \/ button \/ secondary \/ default","nameIsFixed":true,"resizingConstraint":63,"resizingType":0,"rotation":0,"shouldBreakMaskChain":true,"style":{"_class":"style","endMarkerType":0,"miterLimit":10,"startMarkerType":0,"windingRule":1},"hasClickThrough":true,"layers":[{"_class":"group","do_objectID":"F6829716-E4A3-4C74-94F5-FCF0D6FB02C2","booleanOperation":0,"exportOptions":{"_class":"exportOptions","do_objectID":"D5581455-C305-4C21-9E00-4BA5F3F02F90","exportFormats":[],"includedLayerIds":[],"layerOptions":0,"shouldTrim":false},"frame":{"_class":"rect","do_objectID":"73341FC6-739C-40E7-B2F9-8818766E719B","constrainProportions":false,"height":36,"width":102,"x":0,"y":0},"isFixedToViewport":false,"isFlippedHorizontal":false,"isFlippedVertical":false,"isLocked":false,"isVisible":true,"layerListExpandedType":0,"name":"ui \/ button \/ red \/ default","nameIsFixed":true,"resizingConstraint":63,"resizingType":0,"rotation":0,"shouldBreakMaskChain":false,"style":{"_class":"style","do_objectID":"EC4D2C49-034D-4298-8986-439C19DCB20F","endMarkerType":0,"miterLimit":10,"startMarkerType":0,"windingRule":1},"hasClickThrough":false,"layers":[{"_class":"shapeGroup","do_objectID":"6A03A15A-7805-4F56-BF85-9037CFDC3A54","booleanOperation":0,"exportOptions":{"_class":"exportOptions","do_objectID":"6B6DCC86-7E3C-4A80-8DC2-4A8A8B8B5FEE","exportFormats":[],"includedLayerIds":[],"layerOptions":0,"shouldTrim":false},"frame":{"_class":"rect","do_objectID":"C8FD24F7-6984-4B74-9E1E-9B4BF9AA096E","constrainProportions":false,"height":36,"width":102,"x":0,"y":0},"isFixedToViewport":false,"isFlippedHorizontal":false,"isFlippedVertical":false,"isLocked":false,"isVisible":true,"layerListExpandedType":0,"name":"bg","nameIsFixed":true,"resizingConstraint":18,"resizingType":0,"rotation":0,"shouldBreakMaskChain":false,"userInfo":{"com.animaapp.stc-sketch-plugin":{"kModelPropertiesKey":{}}},"style":{"_class":"style","do_objectID":"ED0EE730-DD60-4FEF-A1B3-9043CEEDE658","borders":[{"_class":"border","isEnabled":true,"color":{"_class":"color","alpha":1,"blue":1,"green":1,"red":1},"fillType":0,"gradient":{"_class":"gradient","elipseLength":0,"from":"{0.5, 0.84546396683673475}","gradientType":0,"stops":[{"_class":"gradientStop","color":{"_class":"color","alpha":1,"blue":0.8863,"green":0.8784,"red":0.8667},"position":0},{"_class":"gradientStop","color":{"_class":"color","alpha":1,"blue":0.7804,"green":0.7569,"red":0.7333},"position":1}],"to":"{0.5, 1}"},"position":1,"thickness":1}],"endMarkerType":0,"fills":[{"_class":"fill","isEnabled":true,"color":{"_class":"color","alpha":1,"blue":1,"green":1,"red":1},"fillType":0,"gradient":{"_class":"gradient","elipseLength":0,"from":"{0.5, 0}","gradientType":0,"stops":[{"_class":"gradientStop","color":{"_class":"color","alpha":1,"blue":1,"green":1,"red":1},"position":0},{"_class":"gradientStop","color":{"_class":"color","alpha":1,"blue":0.984313725490196,"green":0.9803921568627451,"red":0.9764705882352941},"position":1}],"to":"{0.5, 1}"},"noiseIndex":0,"noiseIntensity":0,"patternFillType":1,"patternTileScale":1}],"miterLimit":10,"shadows":[{"_class":"shadow","isEnabled":true,"blurRadius":4,"color":{"_class":"color","alpha":0.1,"blue":1,"green":1,"red":1},"contextSettings":{"_class":"graphicsContextSettings","blendMode":0,"opacity":1},"offsetX":0,"offsetY":2,"spread":0}],"sharedObjectID":"10C00C80-9DA3-42A1-A21A-EC0CCEA46520","startMarkerType":0,"windingRule":1},"hasClickThrough":false,"layers":[{"_class":"rectangle","do_objectID":"6F766BC0-1DD0-4738-AFCC-467D49D7689D","booleanOperation":-1,"exportOptions":{"_class":"exportOptions","do_objectID":"59D3A59E-2988-4CF9-9C2D-280BC169653F","exportFormats":[],"includedLayerIds":[],"layerOptions":0,"shouldTrim":false},"frame":{"_class":"rect","do_objectID":"84F151A2-FD7E-4EFA-AAB1-86A02246A29B","constrainProportions":false,"height":36,"width":102,"x":0,"y":0},"isFixedToViewport":false,"isFlippedHorizontal":false,"isFlippedVertical":false,"isLocked":false,"isVisible":true,"layerListExpandedType":0,"name":"Path","nameIsFixed":false,"resizingConstraint":63,"resizingType":0,"rotation":0,"shouldBreakMaskChain":false,"edited":false,"isClosed":true,"pointRadiusBehaviour":2,"points":[{"_class":"curvePoint","cornerRadius":3,"curveFrom":"{0, 0}","curveMode":1,"curveTo":"{0, 0}","hasCurveFrom":false,"hasCurveTo":false,"point":"{0, 0}"},{"_class":"curvePoint","cornerRadius":3,"curveFrom":"{1, 0}","curveMode":1,"curveTo":"{1, 0}","hasCurveFrom":false,"hasCurveTo":false,"point":"{1, 0}"},{"_class":"curvePoint","cornerRadius":3,"curveFrom":"{1, 1}","curveMode":1,"curveTo":"{1, 1}","hasCurveFrom":false,"hasCurveTo":false,"point":"{1, 1}"},{"_class":"curvePoint","cornerRadius":3,"curveFrom":"{0, 1}","curveMode":1,"curveTo":"{0, 1}","hasCurveFrom":false,"hasCurveTo":false,"point":"{0, 1}"}],"fixedRadius":3,"hasConvertedToNewRoundCorners":true}],"clippingMaskMode":0,"hasClippingMask":false,"windingRule":1},{"_class":"text","do_objectID":"CD4B5D61-67AE-438B-B522-D04DDC945925","booleanOperation":0,"exportOptions":{"_class":"exportOptions","do_objectID":"8B2625B4-FD02-49E6-B452-EE5369D9CD24","exportFormats":[],"includedLayerIds":[],"layerOptions":0,"shouldTrim":false},"frame":{"_class":"rect","do_objectID":"05B1F241-F314-4B1C-96AC-1B478D8BDA66","constrainProportions":false,"height":20,"width":69,"x":16.5,"y":8},"isFixedToViewport":false,"isFlippedHorizontal":false,"isFlippedVertical":false,"isLocked":false,"isVisible":true,"layerListExpandedType":0,"name":"Button text","nameIsFixed":true,"resizingConstraint":42,"resizingType":0,"rotation":0,"shouldBreakMaskChain":false,"userInfo":{"com.animaapp.stc-sketch-plugin":{"kModelPropertiesKey":{"isAutoWidth":1}}},"style":{"_class":"style","do_objectID":"B763718A-45B7-4BC3-BF12-A7857832475A","endMarkerType":0,"miterLimit":10,"sharedObjectID":"1BA8497F-28D3-4D4B-992C-7B64E6F51015","startMarkerType":0,"textStyle":{"_class":"textStyle","do_objectID":"E24FC648-75DF-4420-A112-E90A1DF514F7","encodedAttributes":{"MSAttributedStringFontAttribute":{"_class":"fontDescriptor","attributes":{"name":"AvenirNext-Medium","size":14}},"paragraphStyle":{"_class":"paragraphStyle","alignment":2,"maximumLineHeight":20,"minimumLineHeight":20,"allowsDefaultTighteningForTruncation":0},"MSAttributedStringColorAttribute":{"_class":"color","alpha":1,"blue":0,"green":0,"red":0},"kerning":0},"verticalAlignment":0},"windingRule":1},"attributedString":{"_class":"attributedString","string":"Secondary","attributes":[{"_class":"stringAttribute","location":0,"length":9,"attributes":{"MSAttributedStringFontAttribute":{"_class":"fontDescriptor","attributes":{"name":"AvenirNext-Medium","size":14}},"MSAttributedStringColorAttribute":{"_class":"color","alpha":1,"blue":0,"green":0,"red":0},"paragraphStyle":{"_class":"paragraphStyle","alignment":2,"maximumLineHeight":20,"minimumLineHeight":20,"allowsDefaultTighteningForTruncation":0},"kerning":0}}]},"automaticallyDrawOnUnderlyingPath":false,"dontSynchroniseWithSymbol":false,"glyphBounds":"{{0, 3}, {69, 15}}","lineSpacingBehaviour":2,"textBehaviour":0}]}],"backgroundColor":{"_class":"color","alpha":1,"blue":1,"green":1,"red":1},"hasBackgroundColor":false,"horizontalRulerData":{"_class":"rulerData","base":0,"guides":[]},"includeBackgroundColorInExport":true,"includeInCloudUpload":true,"isFlowHome":false,"resizesContent":false,"verticalRulerData":{"_class":"rulerData","base":0,"guides":[]},"includeBackgroundColorInInstance":false,"symbolID":"FE76F2A9-EDF7-484D-9486-F699065977E9","changeIdentifier":529},{"_class":"symbolMaster","do_objectID":"46284C1C-B6D1-4E35-BCBF-B91F0CFCD6BA","booleanOperation":0,"exportOptions":{"_class":"exportOptions","exportFormats":[],"includedLayerIds":[],"layerOptions":0,"shouldTrim":false},"frame":{"_class":"rect","constrainProportions":false,"height":36,"width":82,"x":1189,"y":0},"isFixedToViewport":false,"isFlippedHorizontal":false,"isFlippedVertical":false,"isLocked":false,"isVisible":true,"layerListExpandedType":0,"name":"ui \/ button \/ primary \/ default","nameIsFixed":false,"resizingConstraint":63,"resizingType":0,"rotation":0,"shouldBreakMaskChain":true,"style":{"_class":"style","endMarkerType":0,"miterLimit":10,"startMarkerType":0,"windingRule":1},"hasClickThrough":true,"layers":[{"_class":"group","do_objectID":"BB726474-B906-4EDA-9D9F-CFB2B33E8001","booleanOperation":0,"exportOptions":{"_class":"exportOptions","exportFormats":[],"includedLayerIds":[],"layerOptions":0,"shouldTrim":false},"frame":{"_class":"rect","constrainProportions":false,"height":36,"width":82,"x":0,"y":0},"isFixedToViewport":false,"isFlippedHorizontal":false,"isFlippedVertical":false,"isLocked":false,"isVisible":true,"layerListExpandedType":0,"name":"ui \/ button \/ primary \/ default","nameIsFixed":true,"resizingConstraint":63,"resizingType":0,"rotation":0,"shouldBreakMaskChain":false,"style":{"_class":"style","endMarkerType":0,"miterLimit":10,"startMarkerType":0,"windingRule":1},"hasClickThrough":false,"layers":[{"_class":"shapeGroup","do_objectID":"F644AAF5-258E-4B2F-B45A-913BF7EC0D73","booleanOperation":0,"exportOptions":{"_class":"exportOptions","exportFormats":[],"includedLayerIds":[],"layerOptions":0,"shouldTrim":false},"frame":{"_class":"rect","constrainProportions":false,"height":36,"width":82,"x":0,"y":0},"isFixedToViewport":false,"isFlippedHorizontal":false,"isFlippedVertical":false,"isLocked":false,"isVisible":true,"layerListExpandedType":0,"name":"bg","nameIsFixed":true,"resizingConstraint":18,"resizingType":0,"rotation":0,"shouldBreakMaskChain":false,"userInfo":{"com.animaapp.stc-sketch-plugin":{"kModelPropertiesKey":{}}},"style":{"_class":"style","borders":[{"_class":"border","isEnabled":true,"color":{"_class":"color","alpha":1,"blue":0,"green":0,"red":0},"fillType":0,"gradient":{"_class":"gradient","elipseLength":0,"from":"{0.5, 0.84546396683673475}","gradientType":0,"stops":[{"_class":"gradientStop","color":{"_class":"color","alpha":1,"blue":0.8863,"green":0.8784,"red":0.8667},"position":0},{"_class":"gradientStop","color":{"_class":"color","alpha":1,"blue":0.7804,"green":0.7569,"red":0.7333},"position":1}],"to":"{0.5, 1}"},"position":1,"thickness":1}],"endMarkerType":0,"fills":[{"_class":"fill","isEnabled":true,"color":{"_class":"color","alpha":1,"blue":0,"green":0,"red":0},"fillType":0,"gradient":{"_class":"gradient","elipseLength":0,"from":"{0.5, 0}","gradientType":0,"stops":[{"_class":"gradientStop","color":{"_class":"color","alpha":1,"blue":1,"green":1,"red":1},"position":0},{"_class":"gradientStop","color":{"_class":"color","alpha":1,"blue":0.984313725490196,"green":0.9803921568627451,"red":0.9764705882352941},"position":1}],"to":"{0.5, 1}"},"noiseIndex":0,"noiseIntensity":0,"patternFillType":1,"patternTileScale":1}],"miterLimit":10,"shadows":[{"_class":"shadow","isEnabled":true,"blurRadius":4,"color":{"_class":"color","alpha":0.1,"blue":0,"green":0,"red":0},"contextSettings":{"_class":"graphicsContextSettings","blendMode":0,"opacity":1},"offsetX":0,"offsetY":2,"spread":0}],"sharedObjectID":"10C00C80-9DA3-42A1-A21A-EC0CCEA46520","startMarkerType":0,"windingRule":1},"hasClickThrough":false,"layers":[{"_class":"rectangle","do_objectID":"95260619-B068-4F40-A764-BFC04F32F2F6","booleanOperation":-1,"exportOptions":{"_class":"exportOptions","exportFormats":[],"includedLayerIds":[],"layerOptions":0,"shouldTrim":false},"frame":{"_class":"rect","constrainProportions":false,"height":36,"width":82,"x":0,"y":0},"isFixedToViewport":false,"isFlippedHorizontal":false,"isFlippedVertical":false,"isLocked":false,"isVisible":true,"layerListExpandedType":0,"name":"Path","nameIsFixed":false,"resizingConstraint":63,"resizingType":0,"rotation":0,"shouldBreakMaskChain":false,"edited":false,"isClosed":true,"pointRadiusBehaviour":2,"points":[{"_class":"curvePoint","cornerRadius":3,"curveFrom":"{0, 0}","curveMode":1,"curveTo":"{0, 0}","hasCurveFrom":false,"hasCurveTo":false,"point":"{0, 0}"},{"_class":"curvePoint","cornerRadius":3,"curveFrom":"{1, 0}","curveMode":1,"curveTo":"{1, 0}","hasCurveFrom":false,"hasCurveTo":false,"point":"{1, 0}"},{"_class":"curvePoint","cornerRadius":3,"curveFrom":"{1, 1}","curveMode":1,"curveTo":"{1, 1}","hasCurveFrom":false,"hasCurveTo":false,"point":"{1, 1}"},{"_class":"curvePoint","cornerRadius":3,"curveFrom":"{0, 1}","curveMode":1,"curveTo":"{0, 1}","hasCurveFrom":false,"hasCurveTo":false,"point":"{0, 1}"}],"fixedRadius":3,"hasConvertedToNewRoundCorners":true}],"clippingMaskMode":0,"hasClippingMask":false,"windingRule":1},{"_class":"text","do_objectID":"002C6371-C52C-45B5-AE75-C52634C2108B","booleanOperation":0,"exportOptions":{"_class":"exportOptions","exportFormats":[],"includedLayerIds":[],"layerOptions":0,"shouldTrim":false},"frame":{"_class":"rect","constrainProportions":false,"height":20,"width":50,"x":16,"y":8},"isFixedToViewport":false,"isFlippedHorizontal":false,"isFlippedVertical":false,"isLocked":false,"isVisible":true,"layerListExpandedType":0,"name":"Button text","nameIsFixed":true,"resizingConstraint":42,"resizingType":0,"rotation":0,"shouldBreakMaskChain":false,"userInfo":{"com.animaapp.stc-sketch-plugin":{"kModelPropertiesKey":{"isAutoWidth":1}}},"style":{"_class":"style","endMarkerType":0,"miterLimit":10,"sharedObjectID":"1BA8497F-28D3-4D4B-992C-7B64E6F51015","startMarkerType":0,"textStyle":{"_class":"textStyle","encodedAttributes":{"MSAttributedStringFontAttribute":{"_class":"fontDescriptor","attributes":{"name":"AvenirNext-Medium","size":14}},"paragraphStyle":{"_class":"paragraphStyle","alignment":2,"maximumLineHeight":20,"minimumLineHeight":20,"allowsDefaultTighteningForTruncation":0},"MSAttributedStringColorAttribute":{"_class":"color","alpha":1,"blue":1,"green":1,"red":1},"kerning":0},"verticalAlignment":0},"windingRule":1},"attributedString":{"_class":"attributedString","string":"Primary","attributes":[{"_class":"stringAttribute","location":0,"length":7,"attributes":{"MSAttributedStringFontAttribute":{"_class":"fontDescriptor","attributes":{"name":"AvenirNext-Medium","size":14}},"MSAttributedStringColorAttribute":{"_class":"color","alpha":1,"blue":1,"green":1,"red":1},"paragraphStyle":{"_class":"paragraphStyle","alignment":2,"maximumLineHeight":20,"minimumLineHeight":20,"allowsDefaultTighteningForTruncation":0},"kerning":0}}]},"automaticallyDrawOnUnderlyingPath":false,"dontSynchroniseWithSymbol":false,"glyphBounds":"{{1, 4}, {49, 14}}","lineSpacingBehaviour":2,"textBehaviour":0}]}],"backgroundColor":{"_class":"color","alpha":1,"blue":1,"green":1,"red":1},"hasBackgroundColor":false,"horizontalRulerData":{"_class":"rulerData","base":0,"guides":[]},"includeBackgroundColorInExport":true,"includeInCloudUpload":true,"isFlowHome":false,"resizesContent":false,"verticalRulerData":{"_class":"rulerData","base":0,"guides":[]},"includeBackgroundColorInInstance":false,"symbolID":"BE1EC747-DC91-43E3-BAE1-290AD21224F2","changeIdentifier":18},{"_class":"symbolMaster","do_objectID":"A7D6C063-062F-407F-BAD1-2EC1F62B9E59","booleanOperation":0,"exportOptions":{"_class":"exportOptions","exportFormats":[],"includedLayerIds":[],"layerOptions":0,"shouldTrim":false},"frame":{"_class":"rect","constrainProportions":false,"height":36,"width":60,"x":827,"y":134},"isFixedToViewport":false,"isFlippedHorizontal":false,"isFlippedVertical":false,"isLocked":false,"isVisible":true,"layerListExpandedType":0,"name":"ui \/ button \/ link \/ default","nameIsFixed":false,"resizingConstraint":63,"resizingType":0,"rotation":0,"shouldBreakMaskChain":true,"style":{"_class":"style","endMarkerType":0,"miterLimit":10,"startMarkerType":0,"windingRule":1},"hasClickThrough":true,"layers":[{"_class":"group","do_objectID":"25278FD7-6D21-4D52-AB64-DE0CA0C8F70C","booleanOperation":0,"exportOptions":{"_class":"exportOptions","do_objectID":"055EAE6F-E213-4F10-8156-45D9217F4C7E","exportFormats":[],"includedLayerIds":[],"layerOptions":0,"shouldTrim":false},"frame":{"_class":"rect","do_objectID":"8EB32A66-C830-4DB2-B713-5C101CFBE9AF","constrainProportions":false,"height":36,"width":60,"x":0,"y":0},"isFixedToViewport":false,"isFlippedHorizontal":false,"isFlippedVertical":false,"isLocked":false,"isVisible":true,"layerListExpandedType":0,"name":"ui \/ button \/ link \/ default","nameIsFixed":true,"resizingConstraint":63,"resizingType":0,"rotation":0,"shouldBreakMaskChain":false,"style":{"_class":"style","do_objectID":"EC37810C-5CED-421D-AC94-3F0F1D9D4888","endMarkerType":0,"miterLimit":10,"startMarkerType":0,"windingRule":1},"hasClickThrough":false,"layers":[{"_class":"shapeGroup","do_objectID":"6EEF2928-2D80-4541-AF37-7777ED9EB93A","booleanOperation":0,"exportOptions":{"_class":"exportOptions","do_objectID":"16A367E8-6890-4D8F-A46E-426B94FA2EB4","exportFormats":[],"includedLayerIds":[],"layerOptions":0,"shouldTrim":false},"frame":{"_class":"rect","do_objectID":"9091D0F6-06C4-43D3-9C3E-408CEB7616DB","constrainProportions":false,"height":36,"width":60,"x":0,"y":0},"isFixedToViewport":false,"isFlippedHorizontal":false,"isFlippedVertical":false,"isLocked":false,"isVisible":true,"layerListExpandedType":0,"name":"bg","nameIsFixed":true,"resizingConstraint":18,"resizingType":0,"rotation":0,"shouldBreakMaskChain":false,"userInfo":{"com.animaapp.stc-sketch-plugin":{"kModelPropertiesKey":{}}},"style":{"_class":"style","do_objectID":"3F9AA81E-2485-4AD8-8D68-58B0C8FCFF5F","borders":[{"_class":"border","isEnabled":true,"color":{"_class":"color","alpha":0,"blue":0.9411764705882353,"green":0.9254901960784314,"red":0.9215686274509803},"fillType":0,"gradient":{"_class":"gradient","elipseLength":0,"from":"{0.5, 0.84546396683673475}","gradientType":0,"stops":[{"_class":"gradientStop","color":{"_class":"color","alpha":1,"blue":0.8863,"green":0.8784,"red":0.8667},"position":0},{"_class":"gradientStop","color":{"_class":"color","alpha":1,"blue":0.7804,"green":0.7569,"red":0.7333},"position":1}],"to":"{0.5, 1}"},"position":1,"thickness":1}],"endMarkerType":0,"fills":[{"_class":"fill","isEnabled":true,"color":{"_class":"color","alpha":0,"blue":0.9686274509803922,"green":0.9607843137254902,"red":0.9568627450980391},"fillType":0,"gradient":{"_class":"gradient","elipseLength":0,"from":"{0.5, 0}","gradientType":0,"stops":[{"_class":"gradientStop","color":{"_class":"color","alpha":1,"blue":1,"green":1,"red":1},"position":0},{"_class":"gradientStop","color":{"_class":"color","alpha":1,"blue":0.984313725490196,"green":0.9803921568627451,"red":0.9764705882352941},"position":1}],"to":"{0.5, 1}"},"noiseIndex":0,"noiseIntensity":0,"patternFillType":1,"patternTileScale":1}],"miterLimit":10,"shadows":[{"_class":"shadow","isEnabled":true,"blurRadius":4,"color":{"_class":"color","alpha":0,"blue":0.9686274509803922,"green":0.9607843137254902,"red":0.9568627450980391},"contextSettings":{"_class":"graphicsContextSettings","blendMode":0,"opacity":1},"offsetX":0,"offsetY":2,"spread":0}],"sharedObjectID":"10C00C80-9DA3-42A1-A21A-EC0CCEA46520","startMarkerType":0,"windingRule":1},"hasClickThrough":false,"layers":[{"_class":"rectangle","do_objectID":"8729F613-2B0C-4400-BE95-827D6047CC05","booleanOperation":-1,"exportOptions":{"_class":"exportOptions","do_objectID":"F0B52BEB-E1C7-4D73-8DF4-646312B76C13","exportFormats":[],"includedLayerIds":[],"layerOptions":0,"shouldTrim":false},"frame":{"_class":"rect","do_objectID":"AEC3E017-F4CC-4327-ABA7-238BD9595E51","constrainProportions":false,"height":36,"width":60,"x":0,"y":0},"isFixedToViewport":false,"isFlippedHorizontal":false,"isFlippedVertical":false,"isLocked":false,"isVisible":true,"layerListExpandedType":0,"name":"Path","nameIsFixed":false,"resizingConstraint":63,"resizingType":0,"rotation":0,"shouldBreakMaskChain":false,"edited":false,"isClosed":true,"pointRadiusBehaviour":2,"points":[{"_class":"curvePoint","cornerRadius":3,"curveFrom":"{0, 0}","curveMode":1,"curveTo":"{0, 0}","hasCurveFrom":false,"hasCurveTo":false,"point":"{0, 0}"},{"_class":"curvePoint","cornerRadius":3,"curveFrom":"{1, 0}","curveMode":1,"curveTo":"{1, 0}","hasCurveFrom":false,"hasCurveTo":false,"point":"{1, 0}"},{"_class":"curvePoint","cornerRadius":3,"curveFrom":"{1, 1}","curveMode":1,"curveTo":"{1, 1}","hasCurveFrom":false,"hasCurveTo":false,"point":"{1, 1}"},{"_class":"curvePoint","cornerRadius":3,"curveFrom":"{0, 1}","curveMode":1,"curveTo":"{0, 1}","hasCurveFrom":false,"hasCurveTo":false,"point":"{0, 1}"}],"fixedRadius":3,"hasConvertedToNewRoundCorners":true}],"clippingMaskMode":0,"hasClippingMask":false,"windingRule":1},{"_class":"text","do_objectID":"DE570C43-9426-4138-AC82-31C403000C69","booleanOperation":0,"exportOptions":{"_class":"exportOptions","do_objectID":"C9B9BBD5-AC33-45B2-8B1B-2FBFFA7DEE76","exportFormats":[],"includedLayerIds":[],"layerOptions":0,"shouldTrim":false},"frame":{"_class":"rect","do_objectID":"446E2645-308B-49E6-9EC0-3740551381B7","constrainProportions":false,"height":20,"width":27,"x":16.5,"y":8},"isFixedToViewport":false,"isFlippedHorizontal":false,"isFlippedVertical":false,"isLocked":false,"isVisible":true,"layerListExpandedType":0,"name":"Button text","nameIsFixed":true,"resizingConstraint":42,"resizingType":0,"rotation":0,"shouldBreakMaskChain":false,"userInfo":{"com.animaapp.stc-sketch-plugin":{"kModelPropertiesKey":{"isAutoWidth":1}}},"style":{"_class":"style","do_objectID":"A587DD1C-C426-4FD4-B752-1D23F81461A5","endMarkerType":0,"miterLimit":10,"sharedObjectID":"1BA8497F-28D3-4D4B-992C-7B64E6F51015","startMarkerType":0,"textStyle":{"_class":"textStyle","do_objectID":"05602164-5AEF-4C99-801D-B79B07CFF389","encodedAttributes":{"MSAttributedStringFontAttribute":{"_class":"fontDescriptor","attributes":{"name":"AvenirNext-Medium","size":14}},"paragraphStyle":{"_class":"paragraphStyle","alignment":2,"maximumLineHeight":20,"minimumLineHeight":20,"allowsDefaultTighteningForTruncation":0},"MSAttributedStringColorAttribute":{"_class":"color","alpha":1,"blue":0.4745098039215686,"green":0.3725490196078432,"red":0.3137254901960784},"kerning":0},"verticalAlignment":0},"windingRule":1},"attributedString":{"_class":"attributedString","string":"Link","attributes":[{"_class":"stringAttribute","location":0,"length":4,"attributes":{"MSAttributedStringFontAttribute":{"_class":"fontDescriptor","attributes":{"name":"AvenirNext-Medium","size":14}},"MSAttributedStringColorAttribute":{"_class":"color","alpha":1,"blue":0.4745098039215686,"green":0.3725490196078432,"red":0.3137254901960784},"paragraphStyle":{"_class":"paragraphStyle","alignment":2,"maximumLineHeight":20,"minimumLineHeight":20,"allowsDefaultTighteningForTruncation":0},"kerning":0}}]},"automaticallyDrawOnUnderlyingPath":false,"dontSynchroniseWithSymbol":false,"glyphBounds":"{{1, 3}, {26, 11}}","lineSpacingBehaviour":2,"textBehaviour":0}]}],"backgroundColor":{"_class":"color","alpha":1,"blue":1,"green":1,"red":1},"hasBackgroundColor":false,"horizontalRulerData":{"_class":"rulerData","base":0,"guides":[]},"includeBackgroundColorInExport":true,"includeInCloudUpload":true,"isFlowHome":false,"resizesContent":false,"verticalRulerData":{"_class":"rulerData","base":0,"guides":[]},"includeBackgroundColorInInstance":false,"symbolID":"5AE5D699-AC1A-49CB-9506-AA79CBA166CC","changeIdentifier":5}],"horizontalRulerData":{"_class":"rulerData","base":0,"guides":[]},"includeInCloudUpload":true,"verticalRulerData":{"_class":"rulerData","base":0,"guides":[]}}