{"_class":"page","do_objectID":"908FE964-3292-4B92-9931-C6BD5BFB8E78","exportOptions":{"_class":"exportOptions","exportFormats":[],"includedLayerIds":[],"layerOptions":0,"shouldTrim":false},"frame":{"_class":"rect","constrainProportions":false,"height":300,"width":300,"x":0,"y":0},"isFlippedHorizontal":false,"isFlippedVertical":false,"isLocked":false,"isVisible":true,"layerListExpandedType":0,"name":"Page 1","nameIsFixed":false,"resizingConstraint":63,"resizingType":0,"rotation":0,"shouldBreakMaskChain":false,"style":{"_class":"style","endDecorationType":0,"miterLimit":10,"startDecorationType":0},"hasClickThrough":true,"layers":[{"_class":"artboard","do_objectID":"5C60AB40-CCFB-4077-821B-76662836E39C","exportOptions":{"_class":"exportOptions","do_objectID":"66F20BDD-B319-423F-8C7D-88B178641DA9","exportFormats":[],"includedLayerIds":[],"layerOptions":0,"shouldTrim":false},"frame":{"_class":"rect","do_objectID":"F4B15DD6-8257-4FA2-A0D4-B5CFC4301375","constrainProportions":false,"height":332,"width":536,"x":17,"y":335},"isFlippedHorizontal":false,"isFlippedVertical":false,"isLocked":false,"isVisible":true,"layerListExpandedType":2,"name":"colors","nameIsFixed":true,"resizingConstraint":63,"resizingType":0,"rotation":0,"shouldBreakMaskChain":true,"style":{"_class":"style","do_objectID":"D39C6593-4ABD-45B2-B16F-A23E24CE8D6C","endDecorationType":0,"miterLimit":10,"startDecorationType":0},"hasClickThrough":false,"layers":[{"_class":"group","do_objectID":"BE730873-A423-4A29-827E-6930D450D82D","exportOptions":{"_class":"exportOptions","do_objectID":"297BC7C6-FBC5-4EE4-AF85-81FE4DCA38DD","exportFormats":[],"includedLayerIds":[],"layerOptions":0,"shouldTrim":false},"frame":{"_class":"rect","do_objectID":"43C5B5AD-7B34-43FD-8046-EA8B767B7AB6","constrainProportions":false,"height":36,"width":203,"x":80,"y":80},"isFlippedHorizontal":false,"isFlippedVertical":false,"isLocked":false,"isVisible":true,"layerListExpandedType":1,"name":"header","nameIsFixed":true,"resizingConstraint":63,"resizingType":0,"rotation":0,"shouldBreakMaskChain":false,"style":{"_class":"style","do_objectID":"6B16C129-114A-4C21-9293-9CC08EDFF32C","endDecorationType":0,"miterLimit":10,"startDecorationType":0},"hasClickThrough":false,"layers":[{"_class":"text","do_objectID":"4E5EFBAB-D0A5-4849-8C07-0E236198FBE6","exportOptions":{"_class":"exportOptions","do_objectID":"B1AAB2BA-CD91-4BCD-AFF7-2E27BABB9293","exportFormats":[],"includedLayerIds":[],"layerOptions":0,"shouldTrim":false},"frame":{"_class":"rect","do_objectID":"7B4F0732-9107-424B-8B57-60E3CFF8EA25","constrainProportions":false,"height":12,"width":178,"x":0,"y":0},"isFlippedHorizontal":false,"isFlippedVertical":false,"isLocked":false,"isVisible":true,"layerListExpandedType":0,"name":"NEUELABS WEB DESIGN","nameIsFixed":false,"resizingConstraint":47,"resizingType":0,"rotation":0,"shouldBreakMaskChain":false,"userInfo":{"com.animaapp.stc-sketch-plugin":{"kModelPropertiesKey":{"isAutoWidth":1}}},"style":{"_class":"style","do_objectID":"79DA6607-9A6E-4F83-940B-E2DDAEED8677","endDecorationType":0,"miterLimit":10,"sharedObjectID":"E63C7135-43AD-40FB-B82B-AADCA70DCA76","startDecorationType":0,"textStyle":{"_class":"textStyle","do_objectID":"76CBE852-2E1C-401F-B962-17F67ABF4028","encodedAttributes":{"MSAttributedStringFontAttribute":{"_class":"fontDescriptor","attributes":{"name":"AvenirNext-Bold","size":11}},"paragraphStyle":{"_class":"paragraphStyle","maximumLineHeight":12,"minimumLineHeight":12},"MSAttributedStringColorAttribute":{"_class":"color","alpha":1,"blue":0.1529411764705882,"green":0.1529411764705882,"red":0.1529411764705882},"MSAttributedStringTextTransformAttribute":1,"kerning":0},"verticalAlignment":0}},"attributedString":{"_class":"attributedString","string":"NEUELABS WEB DESIGN SYSTEM","attributes":[{"_class":"stringAttribute","location":0,"length":26,"attributes":{"MSAttributedStringFontAttribute":{"_class":"fontDescriptor","attributes":{"name":"AvenirNext-Bold","size":11}},"MSAttributedStringColorAttribute":{"_class":"color","alpha":1,"blue":0.1529411764705882,"green":0.1529411764705882,"red":0.1529411764705882},"kerning":0,"MSAttributedStringTextTransformAttribute":1,"paragraphStyle":{"_class":"paragraphStyle","maximumLineHeight":12,"minimumLineHeight":12}}}]},"automaticallyDrawOnUnderlyingPath":false,"dontSynchroniseWithSymbol":false,"glyphBounds":"{{0, 1}, {177, 9}}","lineSpacingBehaviour":2,"textBehaviour":0},{"_class":"text","do_objectID":"363B0536-F59A-423A-BDC9-E89FF127B2EA","exportOptions":{"_class":"exportOptions","do_objectID":"5182411C-A2A9-49A1-AED0-B03AEA7449AB","exportFormats":[],"includedLayerIds":[],"layerOptions":0,"shouldTrim":false},"frame":{"_class":"rect","do_objectID":"75E1B090-C320-45B0-8B83-3A1217E32C84","constrainProportions":false,"height":16,"width":203,"x":0,"y":20},"isFlippedHorizontal":false,"isFlippedVertical":false,"isLocked":false,"isVisible":true,"layerListExpandedType":0,"name":"Button component — v","nameIsFixed":false,"resizingConstraint":47,"resizingType":0,"rotation":0,"shouldBreakMaskChain":false,"style":{"_class":"style","do_objectID":"47091F1F-1032-4D7A-8565-351050773730","endDecorationType":0,"miterLimit":10,"sharedObjectID":"05BD4C07-41BE-4E10-A6E4-D4614C7EBDB5","startDecorationType":0,"textStyle":{"_class":"textStyle","do_objectID":"917128A2-BE69-49E1-9648-F67D7DD43900","encodedAttributes":{"MSAttributedStringFontAttribute":{"_class":"fontDescriptor","attributes":{"name":"AvenirNext-DemiBold","size":12}},"paragraphStyle":{"_class":"paragraphStyle","alignment":0,"maximumLineHeight":16,"minimumLineHeight":16,"allowsDefaultTighteningForTruncation":0},"MSAttributedStringColorAttribute":{"_class":"color","alpha":1,"blue":0.55,"green":0.4664,"red":0.418},"kerning":0},"verticalAlignment":0}},"attributedString":{"_class":"attributedString","string":"Button component — v0.0.0-canary.0","attributes":[{"_class":"stringAttribute","location":0,"length":34,"attributes":{"MSAttributedStringFontAttribute":{"_class":"fontDescriptor","attributes":{"name":"AvenirNext-DemiBold","size":12}},"MSAttributedStringColorAttribute":{"_class":"color","alpha":1,"blue":0.55,"green":0.4664,"red":0.418},"paragraphStyle":{"_class":"paragraphStyle","alignment":0,"maximumLineHeight":16,"minimumLineHeight":16,"allowsDefaultTighteningForTruncation":0},"kerning":0}}]},"automaticallyDrawOnUnderlyingPath":false,"dontSynchroniseWithSymbol":false,"glyphBounds":"{{0, 3}, {202, 12}}","lineSpacingBehaviour":2,"textBehaviour":0}]},{"_class":"group","do_objectID":"6084428B-BDAC-4D7C-9496-E1135E5F6B69","exportOptions":{"_class":"exportOptions","exportFormats":[],"includedLayerIds":[],"layerOptions":0,"shouldTrim":false},"frame":{"_class":"rect","constrainProportions":false,"height":80,"width":376,"x":80,"y":172},"isFlippedHorizontal":false,"isFlippedVertical":false,"isLocked":false,"isVisible":true,"layerListExpandedType":0,"name":"primary","nameIsFixed":true,"resizingConstraint":63,"resizingType":0,"rotation":0,"shouldBreakMaskChain":false,"style":{"_class":"style","endDecorationType":0,"miterLimit":10,"startDecorationType":0},"hasClickThrough":false,"layers":[{"_class":"group","do_objectID":"7233A311-5401-4778-ACCE-D1B7DAAB46FF","exportOptions":{"_class":"exportOptions","do_objectID":"7008AC93-B309-409B-A57B-0252B5C2F834","exportFormats":[],"includedLayerIds":[],"layerOptions":0,"shouldTrim":false},"frame":{"_class":"rect","do_objectID":"13CD0B5B-9273-4145-961C-A54A6CD1DC5C","constrainProportions":false,"height":80,"width":180,"x":0,"y":0},"isFlippedHorizontal":false,"isFlippedVertical":false,"isLocked":false,"isVisible":true,"layerListExpandedType":1,"name":"black","nameIsFixed":true,"resizingConstraint":63,"resizingType":0,"rotation":0,"shouldBreakMaskChain":false,"style":{"_class":"style","do_objectID":"495483F0-0B39-4FF2-8943-BD68B90AB972","endDecorationType":0,"miterLimit":10,"startDecorationType":0},"hasClickThrough":false,"layers":[{"_class":"shapeGroup","do_objectID":"1BC400E5-EC25-40EE-8049-50F86FF6BB6F","exportOptions":{"_class":"exportOptions","do_objectID":"EC8F2E3E-AFD6-486E-9951-C1EFCED245D7","exportFormats":[],"includedLayerIds":[],"layerOptions":0,"shouldTrim":false},"frame":{"_class":"rect","do_objectID":"A4296887-ABB0-4E5D-9797-267E68497397","constrainProportions":false,"height":80,"width":180,"x":0,"y":0},"isFlippedHorizontal":false,"isFlippedVertical":false,"isLocked":false,"isVisible":true,"layerListExpandedType":1,"name":"bg","nameIsFixed":true,"resizingConstraint":63,"resizingType":0,"rotation":0,"shouldBreakMaskChain":false,"userInfo":{"com.animaapp.stc-sketch-plugin":{"kModelPropertiesKey":{}}},"style":{"_class":"style","do_objectID":"F7317A3C-13D7-4303-B800-205FD8A1EE79","blur":{"_class":"blur","do_objectID":"01C46340-ECA2-4177-B4D6-B3D56AD9B0C0","isEnabled":false,"center":"{0.5, 0.5}","motionAngle":0,"radius":5,"type":0},"endDecorationType":0,"fills":[{"_class":"fill","isEnabled":true,"color":{"_class":"color","alpha":1,"blue":0,"green":0,"red":0},"fillType":0,"noiseIndex":0,"noiseIntensity":0,"patternFillType":0,"patternTileScale":1}],"miterLimit":10,"startDecorationType":0},"hasClickThrough":false,"layers":[{"_class":"rectangle","do_objectID":"960E632F-36FD-41CC-AFDA-3241F4F69C00","exportOptions":{"_class":"exportOptions","do_objectID":"5506A677-3D55-42B5-8ED8-6AE458E72016","exportFormats":[],"includedLayerIds":[],"layerOptions":0,"shouldTrim":false},"frame":{"_class":"rect","do_objectID":"0CEB6EC6-2448-4766-AB77-A8490A53B76C","constrainProportions":false,"height":80,"width":180,"x":0,"y":0},"isFlippedHorizontal":false,"isFlippedVertical":false,"isLocked":false,"isVisible":true,"layerListExpandedType":0,"name":"Path","nameIsFixed":false,"resizingConstraint":63,"resizingType":0,"rotation":0,"shouldBreakMaskChain":false,"booleanOperation":-1,"edited":false,"isClosed":true,"pointRadiusBehaviour":0,"points":[{"_class":"curvePoint","cornerRadius":6,"curveFrom":"{0, 0}","curveMode":1,"curveTo":"{0, 0}","hasCurveFrom":false,"hasCurveTo":false,"point":"{0, 0}"},{"_class":"curvePoint","cornerRadius":6,"curveFrom":"{1, 0}","curveMode":1,"curveTo":"{1, 0}","hasCurveFrom":false,"hasCurveTo":false,"point":"{1, 0}"},{"_class":"curvePoint","cornerRadius":6,"curveFrom":"{1, 1}","curveMode":1,"curveTo":"{1, 1}","hasCurveFrom":false,"hasCurveTo":false,"point":"{1, 1}"},{"_class":"curvePoint","cornerRadius":6,"curveFrom":"{0, 1}","curveMode":1,"curveTo":"{0, 1}","hasCurveFrom":false,"hasCurveTo":false,"point":"{0, 1}"}],"fixedRadius":6,"hasConvertedToNewRoundCorners":true}],"clippingMaskMode":0,"hasClippingMask":false,"windingRule":1},{"_class":"text","do_objectID":"8EBF2784-3349-49D6-877A-38A3D9E52FC2","exportOptions":{"_class":"exportOptions","do_objectID":"7AC535A0-18BE-4E92-B5CB-B30912534C60","exportFormats":[],"includedLayerIds":[],"layerOptions":0,"shouldTrim":false},"frame":{"_class":"rect","do_objectID":"3AF3FFD7-CD47-4B48-BD94-CD3C1C19A9D7","constrainProportions":false,"height":19,"width":70,"x":16,"y":48},"isFlippedHorizontal":false,"isFlippedVertical":false,"isLocked":false,"isVisible":true,"layerListExpandedType":0,"name":"Black","nameIsFixed":false,"resizingConstraint":63,"resizingType":0,"rotation":0,"shouldBreakMaskChain":false,"userInfo":{"com.animaapp.stc-sketch-plugin":{"kModelPropertiesKey":{"isAutoWidth":1}}},"style":{"_class":"style","do_objectID":"F9C29EF3-E093-4E22-8A39-5886EEB3CE1C","blur":{"_class":"blur","do_objectID":"5D5EE1A3-BAA5-45A1-8B51-06BCC829453E","isEnabled":false,"center":"{0.5, 0.5}","motionAngle":0,"radius":5,"type":0},"endDecorationType":0,"miterLimit":10,"startDecorationType":0,"textStyle":{"_class":"textStyle","do_objectID":"5F191EB7-9CB0-4348-B6A7-0554334E06D2","encodedAttributes":{"MSAttributedStringFontAttribute":{"_class":"fontDescriptor","attributes":{"name":"AvenirNext-Medium","size":14}},"MSAttributedStringColorAttribute":{"_class":"color","alpha":1,"blue":1,"green":1,"red":1},"paragraphStyle":{"_class":"paragraphStyle"}},"verticalAlignment":0}},"attributedString":{"_class":"attributedString","string":"Black","attributes":[{"_class":"stringAttribute","location":0,"length":5,"attributes":{"MSAttributedStringFontAttribute":{"_class":"fontDescriptor","attributes":{"name":"AvenirNext-Medium","size":14}},"MSAttributedStringColorAttribute":{"_class":"color","alpha":1,"blue":1,"green":1,"red":1},"paragraphStyle":{"_class":"paragraphStyle"}}}]},"automaticallyDrawOnUnderlyingPath":false,"dontSynchroniseWithSymbol":false,"glyphBounds":"{{1, 3}, {34, 12}}","lineSpacingBehaviour":1,"textBehaviour":1}]},{"_class":"group","do_objectID":"13DD3AEB-6231-402D-BB9D-AEA236B9F0C3","exportOptions":{"_class":"exportOptions","do_objectID":"AE52E7A2-F8EA-45F9-9542-E84A15D02098","exportFormats":[],"includedLayerIds":[],"layerOptions":0,"shouldTrim":false},"frame":{"_class":"rect","do_objectID":"70C9A977-7B49-45F6-A0D1-C54BBB2324E6","constrainProportions":false,"height":80,"width":180,"x":196,"y":0},"isFlippedHorizontal":false,"isFlippedVertical":false,"isLocked":false,"isVisible":true,"layerListExpandedType":0,"name":"white","nameIsFixed":true,"resizingConstraint":63,"resizingType":0,"rotation":0,"shouldBreakMaskChain":false,"style":{"_class":"style","do_objectID":"6C18C3DF-28C4-4BF3-8B3D-2676344C95E7","endDecorationType":0,"miterLimit":10,"startDecorationType":0},"hasClickThrough":false,"layers":[{"_class":"shapeGroup","do_objectID":"F0368C1C-C4F5-435C-85C7-CCA43C6090BA","exportOptions":{"_class":"exportOptions","do_objectID":"9FF1310E-7D52-480F-8F12-EA855988A99F","exportFormats":[],"includedLayerIds":[],"layerOptions":0,"shouldTrim":false},"frame":{"_class":"rect","do_objectID":"B89F6C80-83C7-47F1-96CC-6E1A24504839","constrainProportions":false,"height":80,"width":180,"x":0,"y":0},"isFlippedHorizontal":false,"isFlippedVertical":false,"isLocked":false,"isVisible":true,"layerListExpandedType":1,"name":"bg","nameIsFixed":true,"resizingConstraint":63,"resizingType":0,"rotation":0,"shouldBreakMaskChain":false,"userInfo":{"com.animaapp.stc-sketch-plugin":{"kModelPropertiesKey":{}}},"style":{"_class":"style","do_objectID":"3B9804B0-C876-4163-BB48-4598C73EC6D2","blur":{"_class":"blur","do_objectID":"88707CC0-1A89-4301-8B51-F56811BCD35C","isEnabled":false,"center":"{0.5, 0.5}","motionAngle":0,"radius":5,"type":0},"borders":[{"_class":"border","isEnabled":true,"color":{"_class":"color","alpha":1,"blue":0.9019607843137255,"green":0.8823529411764706,"red":0.8745098039215686},"fillType":0,"position":0,"thickness":1}],"endDecorationType":0,"fills":[{"_class":"fill","isEnabled":true,"color":{"_class":"color","alpha":1,"blue":1,"green":1,"red":1},"fillType":0,"noiseIndex":0,"noiseIntensity":0,"patternFillType":0,"patternTileScale":1}],"miterLimit":10,"startDecorationType":0},"hasClickThrough":false,"layers":[{"_class":"rectangle","do_objectID":"226F257D-031C-4132-A920-50E033B94C8C","exportOptions":{"_class":"exportOptions","do_objectID":"CDDB84E9-15A5-4742-978C-15DD1D3F7744","exportFormats":[],"includedLayerIds":[],"layerOptions":0,"shouldTrim":false},"frame":{"_class":"rect","do_objectID":"37F753D7-D63C-4FDB-A156-202D32E011D8","constrainProportions":false,"height":80,"width":180,"x":0,"y":0},"isFlippedHorizontal":false,"isFlippedVertical":false,"isLocked":false,"isVisible":true,"layerListExpandedType":0,"name":"Path","nameIsFixed":false,"resizingConstraint":63,"resizingType":0,"rotation":0,"shouldBreakMaskChain":false,"booleanOperation":-1,"edited":false,"isClosed":true,"pointRadiusBehaviour":0,"points":[{"_class":"curvePoint","cornerRadius":6,"curveFrom":"{0, 0}","curveMode":1,"curveTo":"{0, 0}","hasCurveFrom":false,"hasCurveTo":false,"point":"{0, 0}"},{"_class":"curvePoint","cornerRadius":6,"curveFrom":"{1, 0}","curveMode":1,"curveTo":"{1, 0}","hasCurveFrom":false,"hasCurveTo":false,"point":"{1, 0}"},{"_class":"curvePoint","cornerRadius":6,"curveFrom":"{1, 1}","curveMode":1,"curveTo":"{1, 1}","hasCurveFrom":false,"hasCurveTo":false,"point":"{1, 1}"},{"_class":"curvePoint","cornerRadius":6,"curveFrom":"{0, 1}","curveMode":1,"curveTo":"{0, 1}","hasCurveFrom":false,"hasCurveTo":false,"point":"{0, 1}"}],"fixedRadius":6,"hasConvertedToNewRoundCorners":true}],"clippingMaskMode":0,"hasClippingMask":false,"windingRule":1},{"_class":"text","do_objectID":"2569A302-E1D5-4C82-BBD0-55CFD998588D","exportOptions":{"_class":"exportOptions","do_objectID":"28D23A19-A2E7-4922-80D1-DB9BE2BF6A66","exportFormats":[],"includedLayerIds":[],"layerOptions":0,"shouldTrim":false},"frame":{"_class":"rect","do_objectID":"154ACF8B-CE26-427D-98E1-DBDBE2DCC2B0","constrainProportions":false,"height":19,"width":70,"x":16,"y":48},"isFlippedHorizontal":false,"isFlippedVertical":false,"isLocked":false,"isVisible":true,"layerListExpandedType":0,"name":"White","nameIsFixed":false,"resizingConstraint":63,"resizingType":0,"rotation":0,"shouldBreakMaskChain":false,"userInfo":{"com.animaapp.stc-sketch-plugin":{"kModelPropertiesKey":{"isAutoWidth":1}}},"style":{"_class":"style","do_objectID":"A31AEA41-C5FF-4425-ACDE-B94ABC3014E9","blur":{"_class":"blur","do_objectID":"89381F9E-0ED8-4BBA-ACD5-2D83B0A01CD5","isEnabled":false,"center":"{0.5, 0.5}","motionAngle":0,"radius":5,"type":0},"endDecorationType":0,"miterLimit":10,"startDecorationType":0,"textStyle":{"_class":"textStyle","do_objectID":"ACC3EEB4-992C-4D2C-80D7-1D3BBC9ED965","encodedAttributes":{"MSAttributedStringFontAttribute":{"_class":"fontDescriptor","attributes":{"name":"AvenirNext-Medium","size":14}},"MSAttributedStringColorAttribute":{"_class":"color","alpha":1,"blue":0.1529411764705882,"green":0.1529411764705882,"red":0.1529411764705882},"paragraphStyle":{"_class":"paragraphStyle"}},"verticalAlignment":0}},"attributedString":{"_class":"attributedString","string":"White","attributes":[{"_class":"stringAttribute","location":0,"length":5,"attributes":{"MSAttributedStringFontAttribute":{"_class":"fontDescriptor","attributes":{"name":"AvenirNext-Medium","size":14}},"MSAttributedStringColorAttribute":{"_class":"color","alpha":1,"blue":0.1529411764705882,"green":0.1529411764705882,"red":0.1529411764705882},"paragraphStyle":{"_class":"paragraphStyle"}}}]},"automaticallyDrawOnUnderlyingPath":false,"dontSynchroniseWithSymbol":false,"glyphBounds":"{{0, 3}, {38, 12}}","lineSpacingBehaviour":1,"textBehaviour":1}]}]}],"backgroundColor":{"_class":"color","do_objectID":"69CF36D0-262E-4565-AEAD-471F0774FF2F","alpha":1,"blue":1,"green":1,"red":1},"hasBackgroundColor":true,"horizontalRulerData":{"_class":"rulerData","do_objectID":"2251C183-52EE-4D02-A555-0BD72CE84D1D","base":0,"guides":[]},"includeBackgroundColorInExport":true,"includeInCloudUpload":true,"isFlowHome":false,"layout":{"_class":"layoutGrid","do_objectID":"422B78E4-8A58-42DA-8EB2-446003D19E86","isEnabled":false,"columnWidth":50,"drawHorizontal":false,"drawHorizontalLines":false,"drawVertical":true,"gutterHeight":12,"gutterWidth":30,"guttersOutside":true,"horizontalOffset":370,"numberOfColumns":12,"rowHeightMultiplication":5,"totalWidth":960},"presetDictionary":{"width":1700,"offersLandscapeVariant":0,"name":"Presentation","height":1050,"allowResizedMatching":0},"resizesContent":false,"verticalRulerData":{"_class":"rulerData","do_objectID":"1CC3E344-8C85-4C29-9F56-0689B90BFEC1","base":0,"guides":[]}}],"horizontalRulerData":{"_class":"rulerData","base":0,"guides":[]},"includeInCloudUpload":true,"verticalRulerData":{"_class":"rulerData","base":0,"guides":[]}}